순번,STATION_NM,GPS_X,GPS_Y,MAP_X,MAP_Y,STATION_ID,MOBILE_NO
13220,범고개,12652.587,3724.117,189050.99027,433630.18026,224000001 ,25640
13221,정왕고,12643.664,3721.048,175879.20514,427982.50637,224000002 ,25102
13228,주공2단지,12643.744,3721.132,176000.18339,428139.01791,224000003,25116
13233,주공3단지입구,12643.829,3721.221,176126.1798,428301.01858,224000004,25128
13240,건영2단지,12643.82,3721.451,176108.17323,428726.01481,224000005,25126
31412,부성아파트,12644.007,3721.644,176394.16521,429086.01638,224000006,25148
29394,오이도입구,12642.111,3720.782,173584.54691,427498.34975,224000007,25028
29243,배곧고등학교.배곧도서관,12644.021,3722.45,176414.07474,430574.57643,224000008,25061
29396,배곧고등학교.배곧도서관,12643.986,3722.456,176362.09002,430586.59605,224000009,25758
27447,정왕사회복지관.여성비전센터,12644.478,3720.846,177081.13851,427605.93983,224000010,25195
27530,은계우미린더퍼스트.제일풍경채,12648.269,3726.436,182701.00389,437933.04126,224000011,25841
27531,경기스마트고등학교,12645.122,3720.666,178031.03469,427270.51394,224000012,25243
32555,군서초등학교,12645.212,3720.759,178164.96325,427441.51436,224000013,25250
32556,삼육주유소,12645.334,3720.914,178345.3614,427728.03588,224000014,25254
32557,시흥푸르지오6차,12645.672,3720.903,178844.13644,427706.64902,224000015,25258
32560,시흥푸르지오6차1단지후문,12645.756,3721.069,178969.40296,428013.48404,224000016,25261
32562,거무개삼거리,12646.34,3721.416,179833.79241,428653.63005,224000017,25299
32563,거무개삼거리,12646.367,3721.425,179873.01641,428669.2219,224000018,25301
32564,시흥푸르지오6차1단지후문,12645.764,3721.093,178981.28797,428058.46164,224000019,25262
33621,시흥푸르지오6차,12645.676,3720.892,178849.72824,427685.70135,224000020,25257
33751,군서초등학교,12645.219,3720.75,178174.73566,427424.66823,224000021,25249
33756,경기스마트고등학교,12645.133,3720.66,178046.84734,427258.96893,224000022,25244
33766,정왕역,12644.494,3721.067,177106.22312,428013.73791,224000023,25198
33769,정왕사회복지관.여성비전센터,12644.488,3720.839,177096.25422,427593.39551,224000024,25196
33770,신현역,12647.276,3724.484,181224.04273,434329.04992,224000025,25376
33771,배곧단독주택,12643.728,3722.624,175982.15402,430898.1561,224000026,25351
33773,신현역,12647.28,3724.494,181228.04249,434342.04987,224000027,25377
33776,매화동,12649.059,3725.055,183860.93323,435375.96776,224000028,25529
33777,에이스아파트,12649.413,3724.573,184381.65452,434482.92487,224000029,25536
33784,도창초교,12649.592,3724.341,184645.54499,434053.94174,224000030,25545
34262,금이사거리,12650.045,3724.345,185304.01379,434061.11702,224000031,25567
34264,방죽머리,12650.488,3724.322,185964.00919,434013.12792,224000032,25594
34266,칠리저수지,12650.763,3724.28,186373.39629,433938.32848,224000033,25598
34270,목감동,12652.033,3723.159,188244.36532,431860.20528,224000034,25628
34281,칠리저수지,12650.78,3724.206,186397.16301,433800.60268,224000035,25599
34294,방죽머리,12650.511,3724.311,186001.21575,433995.70191,224000036,25596
34424,금이사거리,12650.015,3724.329,185269.0025,434030.06708,224000037,25652
20603,도창초교,12649.574,3724.345,184617.97234,434061.66848,224000038,25544
20597,에이스아파트,12649.396,3724.573,184356.16196,434482.81889,224000039,25538
21253,매화동,12649.057,3725.031,183858.62578,435331.09922,224000040,25528
21254,물왕교,12649.85,3723.11,185021.45414,431775.43231,224000041,25550
21273,월미,12649.777,3723.207,184914.04113,431955.02892,224000042,25547
21408,무재비농원,12649.885,3723.427,185068.04278,432360.12718,224000043,25552
21412,금이2동,12650.238,3723.576,185579.03459,432614.13323,224000044,25578
21417,금이1동,12650.172,3723.851,185499.43283,433145.74491,224000045,25573
21418,금이2동,12650.254,3723.579,185593.0347,432600.13357,224000046,25579
21420,무재비농원,12649.918,3723.44,185123.79319,432385.47328,224000047,25554
21421,월미,12649.782,3723.195,184921.93624,431932.37968,224000048,25548
21422,물왕교,12649.85,3723.121,185022.3738,431796.5922,224000049,25549
21423,목감중심상업지구,12651.173,3722.71,186972.99827,431031.88184,224000050,25602
21424,조남초.조남중,12651.599,3722.679,187601.54428,430974.01406,224000051,25601
21427,능골마을,12650.519,3722.859,186008.14963,431310.20031,224000052,25597
19252,목감푸르지오.중흥S클래스,12650.517,3722.541,186004.31149,430721.90928,224000054,25411
19253,물왕주유소,12649.771,3722.986,184904.79055,431546.14955,224000055,25546
19256,월미동,12649.511,3723.079,184520.75506,431719.88811,224000056,25543
19278,나분들,12649.252,3723.098,184138.96002,431754.43489,224000057,25534
19280,연성초등학교,12649.164,3723.254,184010.20177,432043.53011,224000058,25533
19281,시흥고교.태평아파트,12648.879,3723.439,183589.18341,432386.26496,224000059,25511
19282,갯골생태공원입구.동양덱스빌,12646.794,3722.865,180510.4238,431332.57468,224000060,25317
19285,월동지구,12646.057,3722.94,179421.76252,431473.4714,224000061,25285
19426,상곡마을.월곶동입구,12645.755,3722.974,178977.15784,431538.03402,224000062,25265
31420,풍림3단지정문,12644.593,3723.213,177245.11241,431983.00606,224000063,25214
35287,풍림1단지정문,12644.336,3723.411,176884.86047,432350.55463,224000064,25184
35288,월동지구,12646.079,3722.956,179454.42257,431502.41868,224000065,25293
35289,갯골생태공원입구.동양덱스빌,12646.808,3722.862,180530.17369,431326.21111,224000066,25318
35290,연성초등학교,12649.146,3723.296,183983.11926,432121.67729,224000067,25532
35294,나분들,12649.261,3723.106,184152.90359,431770.66074,224000068,25535
35303,월미동,12649.515,3723.101,184527.88064,431759.69074,224000069,25542
35951,목감푸르지오.중흥S클래스,12650.527,3722.541,186019.47447,430721.70181,224000070,25581
35956,까치주유소삼거리,12646.443,3726.194,180006.86135,437490.29679,224000071,25667
35965,능골마을,12650.544,3722.862,186045.86048,431314.9941,224000072,25595
35968,목감중심상업지구,12651.14,3722.72,186924.91146,431050.16685,224000074,25603
35972,대안주유소,12651.257,3724.012,187101.27501,433441.02048,224000075,25604
35975,대안주유소,12651.279,3724.015,187132.93309,433447.02512,224000076,25605
28550,한국지도자아카데미,12652.129,3723.943,188387.03491,433310.31561,224000077,25631
28551,율포마을,12652.035,3723.609,188248.26142,432694.03643,224000078,25629
28558,목감사거리.청도아파트,12651.632,3723.213,187652.34316,431961.46885,224000080,25616
28559,목감도서관.대명아파트,12651.602,3723.088,187607.26266,431730.23601,224000081,25615
28565,남왕마을,12651.53,3722.955,187500.91384,431485.27504,224000082,25612
35618,목감지하차도입구,12651.741,3722.929,187812.51109,431437.12186,224000083,25623
35625,풍림2단지.소래포구입구,12644.297,3723.615,176827.27011,432729.1122,224000084,25178
35626,월곶신도시입구,12644.833,3723.344,177617.47535,432224.77333,224000085,25230
35628,상곡마을.월곶동입구,12645.699,3723.03,178894.87568,431640.4111,224000086,25259
35630,남왕마을,12651.51,3722.95,187471.35309,431475.25846,224000087,25610
35632,영남1단지.고합아파트,12643.621,3721.534,175819.17305,428886.00892,224000088,25098
27514,영남4차.아주아파트,12644.161,3721.133,176615.00065,428137.48515,224000089,25155
27517,소방서.군서고.여성비전센터,12644.43,3720.973,177010.89669,427840.96113,224000090,25192
39030,군서미래국제학교,12644.631,3720.85,177306.99363,427611.96594,224000091,25217
39032,수자원공사입구,12645.284,3720.446,178269.42677,426862.74341,224000092,25252
38549,월곶역,12644.519,3723.495,177155.06881,432504.88033,224000093,25204
38552,마린월드,12644.486,3723.255,177104.29304,432062.10351,224000094,25200
38697,월곶동주민센터.월곶포구,12644.363,3723.302,176924.14383,432149.36103,224000095,25187
38698,풍림아파트상가,12644.166,3723.38,176633.27875,432295.22485,224000096,25164
38704,풍림아파트,12644.181,3723.517,176655.50626,432547.25048,224000097,25165
38705,소래포구입구,12644.437,3723.585,177033.90433,432671.7417,224000098,25191
38707,월곶입구,12644.872,3723.386,177671.10391,432300.0102,224000099,25234
38708,구능뿌리,12645.279,3723.332,178276.10339,432200.78262,224000100,25246
38709,고잔마을입구,12645.463,3723.16,178546.24932,431881.89072,224000101,25256
38713,월곶삼거리,12645.726,3722.915,178934.12743,431428.74011,224000102,25725
38717,달월마을,12645.742,3722.736,178955.92417,431097.2412,224000103,25264
38718,별감.통심이,12645.876,3722.594,179152.84218,430833.21902,224000104,25271
39396,마전저수지,12646.002,3722.398,179336.11937,430469.05162,224000105,25278
39399,동원로얄듀크,12648.671,3722.6,183280.02418,430835.24022,224000106,59051
39401,제일주유소,12646.149,3721.825,179550.13444,429408.06371,224000107,25292
39404,새미마을,12646.331,3721.704,179821.0235,429185.72412,224000108,25297
39405,거모동동보아파트,12646.412,3721.396,179939.64924,428616.21278,224000109,25306
39413,배우물,12646.555,3721.163,180149.19552,428183.77074,224000110,25308
39420,배우물,12646.559,3721.14,180154.78548,428142.68139,224000111,25309
39426,거모동동보아파트,12646.41,3721.381,179935.87496,428588.14851,224000112,25307
39434,새미마을,12646.325,3721.676,179812.45804,429134.32635,224000113,25300
39435,제일주유소,12646.179,3721.798,179595.13487,429358.06483,224000114,25296
32346,동원로얄듀크,12648.681,3722.609,183294.13351,430852.48551,224000115,59052
32349,마전저수지,12645.993,3722.389,179322.11975,430452.05154,224000116,25283
32358,별감.통심이,12645.873,3722.583,179149.38001,430813.8935,224000117,25272
32363,달월마을,12645.728,3722.753,178935.66187,431128.59844,224000118,25266
32500,월곶동삼거리,12645.713,3722.913,178913.76737,431423.75155,224000119,25263
32504,구능뿌리,12645.184,3723.377,178141.10058,432268.01791,224000120,25248
19326,월곶신도시입구.월곶동삼거리,12644.947,3723.367,177786.37864,432266.81148,224000121,25236
19330,풍림2단지,12644.419,3723.584,177007.51592,432671.17983,224000122,25190
19331,월곶해안로,12644.314,3723.655,176853.39419,432802.55805,224000123,25724
19469,풍림아파트후문,12644.155,3723.468,176617.24593,432457.36941,224000124,25161
19470,풍림아파트상가,12644.165,3723.395,176632.41384,432322.02405,224000125,25162
19475,월곶동주민센터.월곶포구,12644.374,3723.312,176939.81964,432167.65006,224000126,25188
11116,마린월드,12644.49,3723.266,177110.83564,432083.13446,224000127,25201
12142,시화환경사업소,12641.856,3720.262,173205.05456,426537.67353,224000129,25018
12303,우진프라스코,12642.731,3719.846,174495.02345,425763.61645,224000130,25046
12304,대한통운.동화산업,12642.833,3719.933,174646.00147,425923.72227,224000131,25053
12810,우진플라스코,12642.74,3719.837,174508.67669,425747.83987,224000132,25043
12812,시화환경사업소,12641.86,3720.231,173211.05128,426479.50935,224000133,25019
12824,연꽃마을금호아파트,12648.746,3723.651,183394.44428,432780.03469,224000135,25504
12825,연성중학교,12648.767,3723.507,183426.05354,432521.09975,224000136,25505
12829,시흥등기소,12648.44,3723.443,182941.32663,432395.91375,224000137,25495
12972,시흥시청.종합일자리센터,12648.145,3722.743,182503.00322,431102.31148,224000138,25474
12974,대동청구아파트.장현초교,12647.947,3722.851,182212.0033,431302.62093,224000139,25464
12975,계룡2차아파트,12643.204,3721.404,175202.17136,428643.73976,224000140,25689
12978,진말초등학교.루벤시아1차,12647.358,3722.914,181341.93572,431420.82866,224000141,25383
12981,대우아파트.장곡중학교,12647.221,3722.751,181139.44928,431119.26497,224000142,25359
10969,장곡고등학교.숲속마을,12646.922,3722.763,180698.27524,431143.53332,224000143,25328
10970,군자디지털과학고,12646.918,3721.046,180681.14814,427964.09344,224000144,25324
10971,군서미래국제학교,12644.675,3720.75,177371.85638,427428.32206,224000145,25218
10972,군자디지털과학고,12646.907,3721.059,180666.14789,427988.093,224000147,25327
10974,은계단독주택.호반써밋,12648.272,3726.133,182704.86576,437371.67848,224000148,25508
5590,금호타운,12648.885,3723.571,183599.64108,432631.45269,224000149,25515
5591,동원아파트,12644.195,3722.041,176669.3537,429817.58501,224000150,25167
5592,함현고등학교,12644.337,3721.91,176875.1536,429572.02,224000151,25183
5593,보성아파트,12643.98,3721.707,176360.16379,429193.01496,224000152,25142
5605,서해아파트,12643.727,3721.647,175976.85336,429090.09428,224000153,25110
9704,월곶에코피아,12644.979,3723.796,177835.6001,433060.46865,224000154,25989
9718,서해초교,12643.451,3721.361,175567.58623,428561.96326,224000155,25087
9719,건영7차.신호새피앙,12643.449,3721.283,175563.35139,428419.28952,224000156,25086
9856,건영4단지,12643.828,3721.05,176111.18495,427983.02095,224000157,25123
10378,세종3차아파트,12643.809,3721.032,176086.18565,427952.02081,224000158,25122
10379,건영7차.신호새피앙,12643.438,3721.257,175546.63919,428371.42311,224000159,25084
10381,주공1단지,12643.431,3721.361,175535.18054,428559.00712,224000160,25085
10384,서해중학교.한일아파트,12643.502,3721.432,175642.86095,428693.60233,224000161,25092
10387,서해아파트,12643.718,3721.656,175958.16854,429100.00937,224000162,25111
10388,오이도역,12644.241,3721.697,176734.69269,429181.62344,224000163,25171
10539,함현고등학교,12644.31,3721.911,176832.15397,429571.01933,224000164,25181
10543,동원아파트,12644.202,3722.026,176679.3268,429790.41636,224000165,25166
10550,성광레이저.한도금속,12643.867,3719.94,176171.21697,425926.03874,224000166,25133
10551,파인힐.근로자복지회관,12643.675,3720.312,175890.2084,426613.02868,224000167,25104
10552,파인힐.근로자복지회관,12643.685,3720.289,175904.20882,426579.02918,224000168,25103
10556,성광레이저.한도금속,12643.883,3719.934,176205.21658,425933.03922,224000169,25134
10559,만수철강,12643.757,3719.809,176011.35873,425689.89595,224000170,25114
8500,목감지하차도입구,12651.777,3722.918,187865.01358,431415.91322,224000171,25607
24877,옥길동입구,12648.787,3727.587,183469.55748,440060.72548,224000174,25526
24878,계수동교회,12649.035,3727.24,183825.94006,439444.04926,224000175,25527
25526,현대C&S.(주)서진하이테크,12644.045,3720.12,176437.20202,426264.98379,224000177,25152
25527,캡쎈,12644.135,3720.214,176571.15627,426437.49704,224000178,25158
25528,경기과학기술대.시흥에코센터,12644.265,3720.348,176764.45664,426685.26268,224000179,25177
25548,영남6단지,12644.357,3720.45,176899.19611,426872.04251,224000180,25186
25552,정왕동이주단지,12644.778,3720.86,177524.45175,427630.83897,224000181,25225
25554,정촌마을,12645.816,3721.284,179058.43532,428410.35347,224000182,25268
25556,정촌마을,12645.823,3721.276,179068.99363,428396.23793,224000183,25267
25558,정왕동이주단지,12644.762,3720.859,177499.1792,427633.04577,224000184,25226
25560,주공6단지,12644.377,3720.442,176930.12746,426859.61082,224000185,25189
25680,경기과학기술대.시흥에코센터,12644.221,3720.284,176695.20264,426564.0418,224000186,25170
25682,캡쎈,12644.138,3720.199,176575.30509,426410.71288,224000187,25157
25685,서은에프에이,12644.04,3720.098,176430.26713,426224.89065,224000188,25151
26227,함상전망대,12641.319,3720.497,172414.04664,426974.2317,224000189,25008
26228,오이도빨강등대,12641.254,3720.719,172318.3538,427386.00687,224000190,25001
26360,오이도입구,12642.121,3720.8,173599.37563,427530.40731,224000191,25027
26362,고합아파트,12643.623,3721.558,175816.17265,428913.00866,224000192,25099
26366,문영센스빌,12643.904,3721.847,176229.16087,429445.01082,224000193,25136
26369,대림아파트,12644.171,3721.873,176628.15671,429503.01666,224000194,25163
26375,오이도역,12644.258,3721.724,176760.05031,429230.95745,224000195,25176
26376,신한아파트,12644.021,3721.625,176404.16568,429051.01682,224000196,25146
26378,영남2단지,12643.864,3721.465,176169.17243,428745.01562,224000197,25132
26386,신우아파트,12643.854,3721.227,176161.8606,428313.7655,224000198,25129
24342,건영3차아파트,12643.771,3721.143,176038.6276,428157.51494,224000199,25117
24345,정왕고,12643.688,3721.054,175915.09649,427994.74901,224000200,25106
16635,세종아파트,12643.705,3720.963,175938.18895,427819.01956,224000201,25107
12092,계룡1단지,12643.854,3720.869,176159.38701,427650.30536,224000202,25130
12094,시화중심상가48블럭,12643.934,3720.819,176293.19041,427544.02742,224000203,25139
12613,시화농협,12644.213,3720.646,176680.19204,427242.03601,224000204,25168
12614,금강아파트,12644.326,3720.579,176852.19275,427109.03982,224000205,25182
12621,정왕초등학교,12644.551,3720.44,177184.19414,426850.04719,224000206,25207
12622,건영1단지,12644.709,3720.341,177418.19515,426666.0524,224000207,25220
12624,두산아파트,12644.713,3720.323,177425.09574,426636.92188,224000208,25219
12627,정왕중학교,12644.551,3720.422,177186.45355,426821.50234,224000209,25208
12630,영남6단지,12644.361,3720.539,176906.28145,427037.90214,224000210,25185
12759,시화농협,12644.22,3720.629,176698.17794,427206.37396,224000211,25169
12763,시화중심상가48블럭,12644.006,3720.759,176383.06045,427447.11509,224000212,25145
12767,청솔아파트,12643.83,3720.867,176124.05198,427646.96606,224000213,25124
12768,진로아파트,12643.706,3720.944,175941.3589,427789.49067,224000214,25108
12769,목감도서관.삼호가든아파트,12651.591,3723.067,187591.43421,431692.51793,224000215,25614
12771,목감사거리.농협,12651.641,3723.239,187665.58751,432010.29346,224000216,25617
12775,율포마을,12652.022,3723.623,188228.8605,432719.45041,224000218,25627
12780,목감호반5차더숲,12650.985,3722.298,186694.55907,430270.44079,224000219,25757
13443,지산주유소,12652.265,3724.046,188589.36103,433501.12042,224000220,25635
13448,논곡주유소,12651.886,3723.976,188029.58685,433372.06382,224000221,25620
13451,현충탑,12651.533,3724.012,187508.18129,433439.31769,224000222,25613
13463,논곡동,12651.418,3723.694,187336.01662,432848.1593,224000223,25608
25290,목감사거리,12651.668,3723.361,187710.02341,432232.17029,224000224,25618
25295,목감동,12651.935,3723.051,188098.32982,431660.81228,224000225,25624
16636,장군재,12652.148,3722.872,188412.95168,431330.88544,224000226,25633
16639,한샘,12652.479,3722.314,188903.04463,430294.20507,224000227,25637
17289,무진아파트,12645.003,3720.142,177853.25425,426301.02852,224000228,25239
17290,서울프라자,12644.866,3720.229,177650.27469,426463.44417,224000229,25233
17305,두산아파트,12644.74,3720.243,177479.19706,426514.0546,224000230,25224
17307,글로비스자동차경매장,12644.544,3720.044,177174.23736,426123.03453,224000231,25206
17314,코포모,12644.323,3719.812,176850.21497,425704.05128,224000232,25180
17316,서진클러치,12644.13,3719.881,176562.20693,425823.22047,224000233,25156
21526,정왕119안전센터,12643.851,3720.054,176151.24985,426144.12361,224000234,25118
19004,유통상가,12643.667,3720.168,175880.02709,426354.37008,224000235,25101
19009,공구상가.문화발전소창공,12643.508,3720.267,175645.24329,426538.52535,224000236,25093
19013,동서식품,12643.317,3720.384,175363.61914,426756.13689,224000237,25075
19014,영신,12643.095,3720.522,175036.09924,427012.60554,224000238,25065
19017,삼립식품,12642.937,3720.62,174803.36974,427194.07758,224000239,25057
18050,동아레이저,12642.687,3720.774,174435.89607,427480.27455,224000240,25042
18052,㈜동진쎄미켐,12642.243,3720.707,173779.13768,427359.26952,224000241,25032
18073,오이도해양단지.옥터초교입구,12641.608,3720.87,172842.18041,427662.48178,224000242,25017
18076,목감한신더휴.호반2차,12650.949,3722.551,186641.91712,430739.23006,224000243,25995
18085,함상전망대,12641.311,3720.509,172401.47395,426997.11864,224000244,25006
18086,목감호반2차.한신더휴,12650.942,3722.562,186631.20585,430758.50962,224000245,25996
18087,오이도빨강등대,12641.273,3720.732,172347.56896,427409.5904,224000246,25715
18088,오이도해양단지.옥터초교입구,12641.597,3720.879,172827.07982,427679.05092,224000247,25016
18089,KG에코서비스코리아,12642.249,3720.716,173788.69175,427375.32908,224000248,25033
18090,동아레이저,12642.746,3720.767,174462.20604,427497.99887,224000249,25047
18091,삼립식품,12642.936,3720.65,174791.2074,427242.00617,224000250,25056
18227,하엠,12643.099,3720.541,175043.10477,427047.13562,224000251,25063
18228,세진,12643.275,3720.439,175299.20946,426850.0174,224000252,25072
18229,유통상가,12643.53,3720.275,175677.82727,426553.07239,224000253,25094
14740,서진클러치,12644.149,3719.894,176562.21473,425867.0454,224000255,25160
14747,코포모,12644.296,3719.826,176819.21493,425722.05065,224000256,25179
14750,글로비스자동차경매장,12644.472,3720.005,177067.99286,426050.51023,224000257,25197
14885,두산아파트,12644.717,3720.259,177421.19768,426505.05376,224000258,25221
14891,서울프라자,12644.863,3720.246,177652.19616,426482.0576,224000259,25232
14893,유천아파트,12644.99,3720.167,177831.19691,426343.06157,224000260,25238
15430,한샘,12652.459,3722.304,188870.58076,430278.60922,224000261,25636
15433,장군재,12652.136,3722.827,188395.67506,431245.93181,224000262,25632
15580,목감동.목감마을,12652.025,3722.987,188231.64307,431542.40917,224000263,25626
15585,목감사거리,12651.724,3723.271,187787.87198,432068.66273,224000264,25619
15586,논곡동.산호아파트,12651.417,3723.654,187335.56678,432777.80443,224000265,25609
15612,현충탑,12651.521,3724.023,187485.00571,433457.1567,224000266,25611
15615,논곡주유소,12651.922,3723.993,188068.00191,433399.16647,224000267,25622
13561,지산주유소,12652.205,3724.045,188493.99683,433501.17243,224000268,25634
12224,소래중고등학교입구,12647.645,3726.339,181780.45881,437754.57576,224000269,25434
12229,은행동입구,12647.839,3726.331,182066.72881,437739.56642,224000270,25457
12874,은계브리즈힐,12648.161,3726.276,182540.97507,437636.61895,224000271,25482
12879,길마재,12648.627,3725.943,183227.25253,437019.32165,224000272,25737
12880,안현동,12648.961,3725.302,183717.50653,435831.94263,224000273,25523
12881,매화고,12648.9,3724.96,183624.00937,435197.08096,224000274,25517
12882,진양아파트,12648.886,3724.83,183604.013,434979.08243,224000275,25513
12883,금강아파트,12648.937,3724.659,183672.01752,434660.08613,224000276,25518
12884,도두머리,12648.939,3724.541,183664.02122,434432.08787,224000277,25519
12886,에이스아파트,12649.096,3724.524,183933.0197,434390.0925,224000278,25531
31421,도두머리,12648.934,3724.536,183660.02147,434418.08792,224000279,25520
39162,금강아파트,12648.931,3724.645,183662.01803,434633.08619,224000280,25521
39168,삼화아파트,12648.876,3724.836,183585.01323,434974.08217,224000281,25512
39169,매화고,12648.89,3724.966,183608.00932,435208.08062,224000282,25516
39170,안현동,12648.961,3725.27,183716.99669,435773.10371,224000283,25522
39084,길마재,12648.716,3725.844,183358.64282,436835.4562,224000284,25502
39745,은계브리즈힐,12648.172,3726.256,182557.35797,437599.87996,224000285,25483
39754,은행동입구,12647.812,3726.318,182026.70046,437716.22793,224000286,25450
39757,소래중고등학교입구,12647.635,3726.322,181765.93957,437724.40046,224000287,25433
39758,큰말,12647.235,3721.63,181156.00976,429045.82295,224000288,25363
39762,시흥고교.태평아파트,12648.852,3723.449,183549.30295,432406.04494,224000289,25510
39911,큰말,12647.247,3721.641,181169.12677,429063.09219,224000290,25368
39912,수자원공사입구,12645.266,3720.432,178242.00125,426837.81033,224000291,25251
39913,군서미래국제학교,12644.614,3720.836,177282.39467,427587.3221,224000292,25215
27515,소방서.군서고.여성비전센터,12644.449,3720.94,177038.44771,427780.04909,224000293,25194
40442,모아아파트.세종프라자,12643.823,3721.764,176110.1642,429296.01016,224000294,25131
40443,보성아파트,12644.005,3721.714,176386.71086,429212.71477,224000295,25150
40447,세종아파트,12644.126,3721.874,176566.03676,429509.27509,224000296,25159
40572,문영센스빌,12643.937,3721.862,176287.94864,429487.72756,224000297,25140
40573,모아아파트,12643.841,3721.764,176144.5074,429306.04851,224000298,25120
40584,신천역.문화의거리,12647.234,3726.431,181174.85725,437927.49515,224000299,25364
40586,신천연합병원,12647.344,3726.613,181336.93949,438263.03863,224000300,25391
40587,중앙산부인과,12647.438,3726.774,181475.97343,438556.01913,224000301,25404
40592,LH2단지.어반리더스,12647.953,3726.965,182237.54443,438912.19318,224000302,25461
40595,수노골,12648.18,3726.932,182571.90642,438850.23173,224000303,25473
40596,구미마을,12648.496,3726.919,183037.08608,438825.72271,224000304,25494
40597,피정의집,12648.691,3727.054,183325.97013,439074.25594,224000305,25648
40603,과림낚시터,12649.406,3727.176,184380.87644,439298.42873,224000306,25540
32506,과림사거리,12649.991,3727.233,185242.70242,439401.21877,224000308,25558
32510,계수초등학교,12649.222,3727.143,184108.4679,439236.86216,224000309,25649
32511,피정의집,12648.705,3727.047,183346.23021,439060.82821,224000310,25651
32513,구미마을,12648.512,3726.912,183061.4799,438812.21666,224000311,25493
33063,수노골,12648.177,3726.916,182566.33713,438820.92014,224000312,25472
33064,LH2단지.어반리더스,12647.948,3726.956,182228.80409,438895.25811,224000313,25462
33065,중앙산부인과,12647.446,3726.763,181485.97367,438536.01945,224000314,25399
33198,신천연합병원,12647.358,3726.609,181358.32868,438255.33063,224000315,25389
33203,고잔마을입구,12645.432,3723.176,178500.49289,431912.77666,224000316,25255
33204,서울대시흥캠퍼스연구동,12643.566,3721.96,175740.02719,429670.29459,224000317,59057
33206,솔숲공원입구,12647.535,3725.091,181609.02188,435443.04688,224000318,25414
33209,미산동해가든아파트,12647.747,3725.174,181925.34843,435599.1653,224000319,25441
33211,경신아파트,12647.831,3725.259,182051.01331,435755.05135,224000320,25451
33222,상아아파트,12647.765,3725.322,181949.0123,435871.04877,224000321,25443
33223,연꽃테마파크.농업기술센터,12648.483,3724.044,183007.59604,433507.80072,224000322,59048
33225,조남초.조남중,12651.588,3722.69,187585.78971,430995.25284,224000323,25410
36840,상아아파트,12647.778,3725.324,181965.01218,435870.04903,224000324,25447
36975,경신아파트,12647.846,3725.257,182065.01334,435746.05164,224000325,25452
36980,미산동해가든아파트,12647.734,3725.144,181907.09828,435543.84157,224000326,25440
36982,솔숲공원입구,12647.521,3725.091,181583.02211,435442.04648,224000327,25413
36983,배곧초등학교,12643.718,3722.617,175968.65677,430884.66823,224000328,25775
33707,새우개,12646.373,3724.12,179888.06441,433650.03427,224000329,25302
33834,포리초등학교,12646.184,3724.164,179613.0653,433735.02921,224000330,25722
33835,신촌,12646.093,3724.165,179488.06639,433731.02726,224000331,25288
33836,고잔,12645.845,3724.496,179115.05964,434348.01626,224000332,25270
34378,새탄말,12645.945,3724.715,179251.05229,434741.01519,224000333,25274
34512,산우물,12646.067,3724.91,179447.0451,435093.0154,224000334,25286
34513,밤골,12646.157,3725.18,179576.03581,435611.01318,224000335,25294
37408,마루미,12645.983,3725.265,179324.03557,435756.00799,224000336,25275
37410,청용낚시터,12646.001,3725.579,179348.0259,436352.00345,224000337,25279
37411,황골,12646.583,3725.852,180211.74363,436857.13694,224000338,25721
35372,신천동주민센터.신천고,12646.88,3726.175,180650.96315,437454.53717,224000339,25323
35375,금강빌라,12647.048,3726.299,180899.9583,437682.33837,224000340,25343
35376,장미아파트,12646.955,3726.318,180761.86349,437719.09109,224000341,25329
35378,태광아파트,12646.796,3726.319,180527.08523,437721.67787,224000342,25314
35379,도원초,12646.785,3726.426,180511.65841,437918.48013,224000343,25315
35383,도원초,12646.791,3726.424,180521.16414,437914.7541,224000344,25313
35385,태광아파트,12646.802,3726.324,180537.10088,437729.47484,224000345,25319
35389,장미아파트,12646.96,3726.324,180770.00469,437730.30181,224000346,25332
35392,금강빌라,12647.047,3726.293,180898.61852,437672.88005,224000347,25341
35401,신천동주민센터.신천고,12646.877,3726.164,180642.99814,437432.01514,224000348,25322
35533,황골,12646.594,3725.841,180228.20358,436836.75861,224000349,25756
35541,청용낚시터,12645.993,3725.569,179337.0263,436333.00344,224000350,25277
35542,방산교회,12646.014,3725.256,179369.0353,435750.00875,224000351,25281
35509,방골,12646.167,3725.183,179568.03564,435626.01293,224000352,25295
35511,산우물,12646.079,3724.902,179459.04482,435104.0155,224000353,25287
35513,새탄말,12645.945,3724.703,179254.05255,434723.01538,224000354,25273
35514,고잔,12645.849,3724.48,179133.05922,434365.01641,224000355,25269
36163,신촌,12646.107,3724.168,179482.06617,433748.02702,224000356,25289
36165,포리초등학교,12646.187,3724.173,179617.06502,433751.02914,224000357,25720
36166,새우개,12646.355,3724.129,179868.1431,433672.19907,224000358,25717
36168,신현동주민센터,12647.106,3724.362,180973.04846,434097.04783,224000359,25350
36170,신천중학교,12647.06,3726.105,180916.96949,437324.16501,224000360,25342
36171,경신아파트,12647.269,3726.142,181225.20671,437392.77109,224000361,25371
36172,뉴월드아파트,12647.392,3726.026,181405.31035,437176.32672,224000362,25396
963,한신아파트,12647.316,3725.944,181293.90382,437025.40903,224000363,25379
982,신일초교,12647.449,3725.924,181489.03359,436988.04426,224000364,25403
984,백제당약국,12647.532,3725.916,181611.10577,436973.02086,224000365,25420
1646,극동아파트,12647.672,3725.893,181818.89285,436929.90279,224000366,25435
1651,시흥유치원,12647.767,3725.984,181959.03634,437098.24354,224000367,25444
1655,수정아파트,12647.863,3726.075,182100.22513,437265.84888,224000368,25458
1658,산호아파트,12647.85,3726.161,182082.14121,437424.40005,224000369,25455
1659,새미마을입구,12651.538,3722.517,187511.16546,430674.0195,224000370,25766
1666,청구아파트,12647.61,3726.522,181725.97879,438091.02694,224000371,25429
1672,서해아파트,12647.604,3726.684,181721.09217,438393.85929,224000372,25428
1674,벽산1차아파트,12647.554,3726.833,181647.38021,438669.58976,224000373,25416
1675,시흥대야역.영남아파트,12647.537,3726.932,181622.65303,438853.2723,224000374,25415
1680,청솔농원,12647.43,3727.137,181455.96287,439230.01325,224000375,25400
1683,청솔농원,12647.437,3727.144,181460.96243,439255.01312,224000376,25401
1817,시흥대야역.영남아파트,12647.559,3726.94,181655.62493,438867.40726,224000377,25418
1818,벽산1차아파트,12647.567,3726.845,181667.83994,438690.54917,224000378,25422
1820,우성아파트.은행교회,12647.71,3726.851,181877.72187,438701.23516,224000379,25438
1821,은계초등학교.사랑스러운교회,12647.832,3726.806,182057.52329,438618.84896,224000380,25453
1825,성원아파트,12647.969,3726.683,182259.39921,438390.30095,224000381,25466
2389,은행초등학교,12647.998,3726.578,182302.17447,438196.23056,224000382,25469
2395,신명아파트.대우3차아파트,12647.836,3726.616,182063.37901,438266.84672,224000383,25454
2397,늘푸른벽산.서강2차,12647.696,3726.723,181856.28323,438465.96606,224000384,25437
2399,서해아파트,12647.604,3726.667,181720.78531,438361.58496,224000385,25426
2545,청구아파트,12647.605,3726.49,181717.97984,438029.02733,224000386,25430
2390,소래중고등학교,12647.761,3726.264,181950.30398,437616.49335,224000387,25446
31423,산호아파트,12647.859,3726.159,182094.52558,437420.54899,224000388,25459
36173,수정아파트,12647.868,3726.077,182107.4331,437269.17584,224000389,25463
32812,시흥유치원,12647.771,3725.977,181965.24456,437085.83936,224000390,25448
32813,극동아파트,12647.661,3725.888,181801.43051,436921.4212,224000391,25436
32814,백제당약국,12647.531,3725.911,181609.85415,436962.90453,224000392,25421
32827,신일초교,12647.435,3725.92,181469.31164,436980.70822,224000393,25402
32829,한신아파트,12647.309,3725.943,181283.11777,437023.60031,224000394,25378
32832,뉴월드아파트,12647.377,3726.022,181383.03067,437170.36696,224000395,25395
33516,경신아파트,12647.265,3726.135,181218.47483,437379.23786,224000396,25375
33518,신천중학교,12647.054,3726.098,180908.01967,437310.49366,224000397,25339
33523,금호타운,12648.872,3723.577,183580.25201,432641.67086,224000398,25514
33530,배곧호반2차,12643.718,3722.413,175967.48728,430507.32665,224000399,25660
33534,법륭사,12648.195,3723.73,182579.05407,432921.083,224000400,25477
33537,에이스아파트,12649.082,3724.528,183880.02003,434396.09161,224000401,25530
33543,에이스아파트입구,12649.326,3724.598,184250.01495,434526.09643,224000402,25537
33544,부대앞,12650.334,3724.577,185731.00372,434475.12043,224000403,25585
33674,경기자동차과학고교,12650.419,3724.764,185859.99697,434833.11956,224000404,25593
31424,무지내동중동마을,12650.384,3724.934,185811.99255,435135.11632,224000405,25588
31426,신흥마을,12650.352,3725.052,185765.98924,435366.11369,224000406,25586
31428,황현교회,12650.259,3725.255,185626.98449,435735.10845,224000407,25580
31429,능내마을,12650.193,3725.437,185529.97988,436074.10413,224000408,25576
31431,두무절리,12650.173,3725.624,185504.97457,436420.10089,224000409,25574
31563,샛능안,12650.153,3725.776,185474.9703,436703.09809,224000410,25571
30801,모갈마을,12650.129,3725.925,185436.96642,436966.09532,224000411,25569
30805,과림동행정복지센터,12649.996,3726.168,185244.96174,437358.08904,224000412,25560
30807,금강주유소,12650.006,3726.437,185255.9526,437925.08456,224000413,25563
30943,중림.비석거리,12649.841,3726.625,185014.94908,438269.07789,224000414,25650
30946,중림정미소,12649.878,3726.751,185070.94469,438516.07675,224000415,25551
30965,과림동,12650.038,3726.936,185307.93735,438855.07775,224000416,25566
30966,과림농협,12650.012,3727.152,185263.93136,439253.07377,224000417,25564
31534,과림농협,12650.023,3727.153,185269.93083,439283.07362,224000418,25565
31537,과림동,12650.063,3726.969,185349.93598,438919.07789,224000419,25568
31538,중림정미소,12649.903,3726.765,185107.9441,438534.07719,224000420,25553
31539,중림.비석거리,12649.851,3726.623,185030.94883,438277.07808,224000421,25646
31540,금강주유소,12650.009,3726.45,185259.95206,437957.08436,224000422,25562
30740,과림동행정복지센터,12650.006,3726.16,185260.96086,437405.08891,224000423,25561
30605,모갈마을,12650.138,3725.941,185455.96568,437003.09532,224000424,25570
30735,샛능안,12650.162,3725.778,185488.97017,436704.0983,224000425,25572
30743,두무절리,12650.183,3725.63,185518.97425,436433.10101,224000426,25575
30753,능내마을,12650.204,3725.436,185544.97939,436097.10418,224000427,25577
30755,황현교회,12650.284,3725.23,185663.98488,435692.10939,224000428,25583
30756,신흥마을,12650.358,3725.069,185771.98875,435394.11356,224000429,25587
30762,무지내동중동마을,12650.394,3724.933,185824.99189,435170.11624,224000430,25589
22424,경기자동차과학고교,12650.42,3724.816,185864.99547,434925.11888,224000431,25592
22431,부대앞,12650.336,3724.553,185743.00415,434442.12089,224000432,25584
22901,금이사거리,12650.098,3724.326,185388.01371,434023.11867,224000433,25645
22902,에이스아파트입구,12649.329,3724.592,184254.01509,434515.09658,224000434,25539
22903,거모동,12646.394,3721.709,179910.13496,429191.07119,224000435,25304
30251,새미마을,12646.337,3721.679,179826.13649,429137.0703,224000436,25298
30253,삼육주유소,12645.343,3720.91,178359.13446,427720.76429,224000437,25253
30254,배곧파출소,12643.688,3721.982,175919.72804,429710.27464,224000438,59058
30255,방산동,12645.995,3725.208,179340.9308,435668.58524,224000439,25280
30256,신천동,12646.845,3726.523,180601.49654,438098.85969,224000440,25321
40086,계수사거리,12648.995,3727.151,183773.85841,439252.30628,224000441,25644
40087,계수초등학교,12649.257,3727.155,184160.31075,439259.66018,224000442,25643
40749,과림낚시터,12649.407,3727.162,184381.26922,439272.50654,224000443,25541
40752,계수사거리,12648.983,3727.138,183756.89509,439229.40145,224000444,25642
40754,신천역.문화의거리,12647.262,3726.449,181215.28566,437959.2224,224000445,25372
40755,신천동,12646.731,3726.529,180432.63082,438108.75727,224000446,25312
40769,방산동,12646.006,3725.198,179357.63246,435650.24138,224000447,25282
40775,월곶역,12644.518,3723.476,177153.84939,432471.38704,224000448,25202
40921,거모동,12646.407,3721.718,179931.1345,429209.07137,224000449,25305
38765,소래중고등학교,12647.75,3726.259,181935.04107,437605.95967,224000450,25442
38769,대우4차아파트,12647.86,3726.446,182099.97798,437950.03406,224000451,25456
38773,화원,12647.608,3727.1,181728.65348,439162.40255,224000452,25431
38780,청원가든,12648.138,3727.627,182512.6886,440135.24461,224000454,25760
38785,화원,12647.63,3727.093,181760.39228,439150.09625,224000455,25432
38926,광덕아파트,12647.866,3726.428,182107.11025,437918.34194,224000456,25460
38930,배곧상업지구,12643.801,3722.102,176088.25589,429932.89548,224000457,59059
38931,삼성아파트,12646.804,3722.7,180523.98923,431026.0945,224000458,25316
38936,장곡문화체육센터,12646.999,3722.646,180812.03885,430926.364,224000459,25334
21522,시흥경찰서,12647.219,3722.636,181135.50843,430906.13005,224000460,25361
21503,황고개약수터,12647.413,3722.43,181422.05466,430525.25494,224000461,25398
21512,양지편,12647.241,3721.792,181158.12151,429400.08926,224000462,25365
11604,아랫말,12647.181,3721.455,181072.13299,428720.09346,224000463,25727
11605,군자중.군자디지털과학고,12646.967,3720.868,180753.15269,427640.09722,224000464,25330
11606,아주아파트.군자도서관,12647.081,3720.753,180919.1546,427435.10153,224000465,25346
11609,군자파출소,12647.105,3720.685,180959.10894,427298.43103,224000466,25352
11613,군자우체국앞.군자파출소,12647.097,3720.666,180947.59965,427263.48021,224000467,25348
11614,아주아파트.군자도서관,12647.065,3720.754,180900.99622,427426.30168,224000468,25345
11615,군자중.군자디지털과학고,12646.961,3720.858,180747.93618,427619.15313,224000469,25331
11618,아랫말,12647.134,3721.398,181005.95147,428617.96467,224000470,25723
11619,양지편,12647.229,3721.836,181140.12183,429389.08907,224000471,25362
11621,황고개약수터,12647.397,3722.433,181398.7639,430529.90885,224000472,25397
11816,시흥경찰서,12647.218,3722.625,181134.67598,430886.03985,224000473,25358
11817,삼익아파트,12646.919,3722.638,180693.54493,430910.85742,224000474,25326
11818,삼성아파트,12646.792,3722.696,180505.65931,431018.47503,224000475,25320
11822,장곡고등학교.숲속마을,12646.894,3722.777,180657.75714,431168.08367,224000476,25325
11955,대우아파트.장곡중학교,12647.223,3722.763,181137.09411,431138.07471,224000477,25360
11956,진말초등학교.루벤시아1차,12647.342,3722.924,181318.3024,431440.03011,224000478,25382
11964,동경5차수정아파트,12647.885,3726.092,182133.73892,437297.5496,224000479,25427
11976,대동청구아파트,12647.958,3722.86,182227.97424,431318.76661,224000480,25465
11978,시흥시청.종합일자리센터,12648.155,3722.756,182518.60747,431125.92954,224000481,25476
11987,시흥등기소,12648.445,3723.455,182948.67561,432417.9991,224000483,25496
11989,연성중학교,12648.762,3723.514,183416.70302,432526.04909,224000484,25506
21199,연꽃마을금호아파트,12648.74,3723.648,183385.78273,432774.32574,224000485,25503
21205,자원재생공사,12642.051,3720.167,173493.39242,426361.27847,224000486,25025
21210,동해케미칼.서울제약,12642.186,3720.306,173692.76699,426617.04866,224000487,25030
30262,대성산업,12642.358,3720.484,173948.66803,426945.87129,224000488,25035
38946,단석산업,12642.534,3720.668,174202.21171,427272.99661,224000489,25039
38219,에스티팜,12642.737,3720.876,174510.26367,427669.29305,224000490,25049
39672,기보스틸.백선화성,12642.852,3720.995,174680.19806,427890.99909,224000491,25054
39673,대우아파트,12644.597,3720.574,177242.18959,427108.046,224000492,25213
39678,건영1차아파트,12644.793,3720.45,177603.19111,426827.05401,224000493,25229
39679,건영아파트,12644.816,3720.408,177585.19184,426790.05402,224000494,25227
40329,대우아파트,12644.579,3720.556,177228.41072,427069.44737,224000495,25211
40332,기보스틸,12642.869,3720.993,174703.19803,427880.99953,224000496,25055
40333,서울정밀,12642.753,3720.875,174532.9543,427666.22073,224000497,25048
40334,금호화성,12642.542,3720.657,174220.87446,427265.15619,224000498,25038
30263,대성산업,12642.375,3720.484,173972.92407,426945.38493,224000499,25034
30265,동해케미칼.서울제약,12642.198,3720.301,173710.49121,426607.53602,224000500,25031
30267,자원재생공사,12642.059,3720.157,173504.95093,426342.82996,224000501,25026
30270,동보아파트,12643.086,3721.242,175025.18814,428341.00085,224000502,25064
30399,계룡2단지,12643.187,3721.346,175167.18412,428522.0016,224000503,25068
30400,신동아2단지,12643.266,3721.426,175294.00993,428684.40909,224000504,25073
30402,신동아1단지,12643.359,3721.523,175432.70876,428862.08526,224000505,25081
30403,고합아파트.서해고교,12643.478,3721.559,175608.60661,428929.5626,224000506,25090
30404,건영2단지.영남5단지,12643.674,3721.44,175896.43129,428708.21173,224000507,25105
30407,월드아파트.월드사거리,12643.802,3721.363,176086.1761,428556.01585,224000508,25121
30408,삼성한신아파트,12643.953,3721.266,176295.17699,428392.0205,224000509,25141
30413,주공4단지,12644,3721.132,176376.75214,428137.59328,224000510,25143
31602,주공5단지,12643.927,3720.989,176248.18548,427879.02397,224000511,25137
31607,중앙도서관,12644.048,3720.911,176446.32635,427727.43749,224000512,25153
31608,이마트,12644.309,3720.75,176830.84363,427428.25611,224000513,25173
32138,금강아파트,12644.493,3720.636,177101.57734,427218.00617,224000514,25199
32141,시화정형외과,12644.568,3720.665,177213.3823,427271.2502,224000515,25209
32146,군서미래국제학교,12644.637,3720.739,177310.18436,427404.04465,224000516,25216
32149,정왕어린이도서관.정왕시장,12644.853,3720.713,177601.18238,427380.04945,224000517,25231
32151,범고개,12652.616,3724.111,189106.13051,433621.19077,224000518,25776
32152,한국글로벌중.한국조리과학고,12649.967,3727.459,185202.92252,439838.06798,224000519,25641
32154,과림슈퍼,12649.981,3727.279,185224.92764,439506.07106,224000520,25557
29493,안서초등학교,12652.329,3724.115,188683.23554,433628.01029,224000521,25777
29495,과림슈퍼,12649.972,3727.287,185215.55644,439501.51554,224000522,25647
29498,한국글로벌중.한국조리과학고,12649.964,3727.432,185204.06944,439769.92368,224000523,25653
29499,삼미시장,12647.034,3726.472,180879.68318,438003.62229,224000524,25338
29502,신천사거리,12647.355,3726.348,181352.03117,437772.39709,224000525,25388
29503,복음자리,12647.466,3726.202,181515.42621,437501.38031,224000526,25409
29506,검바위,12647.569,3726.056,181666.36308,437232.70369,224000527,25423
29517,신일초교.백제당약국,12647.582,3725.922,181685.97677,436984.15529,224000528,25424
30026,시민교회,12647.468,3725.556,181512.00907,436298.03831,224000529,25407
30147,양우재,12647.37,3725.288,181369.49783,435810.99267,224000530,25393
30148,미산동입구.한덕판지,12647.382,3725.07,181384.02435,435403.04363,224000531,25394
30155,신현역.포동입구,12647.329,3724.585,181291.039,434529.04934,224000532,25381
30158,새터말,12647.791,3724.07,181986.79867,433557.67582,224000533,25449
30159,성원.동아아파트,12647.977,3723.982,182263.04917,433391.07413,224000534,25468
30160,샛말.참이슬.대우아파트,12648.299,3723.63,182734.28097,432742.91466,224000535,25481
30162,시흥국민체육센터,12648.369,3723.492,182836.93735,432485.93491,224000536,25487
30163,신동아2차,12643.223,3721.417,175231.30528,428667.18977,224000537,25486
29336,시흥시청역,12648.392,3722.912,182868.24387,431412.74355,224000538,25491
29338,산뒤마을,12648.452,3721.868,182953.29369,429482.30256,224000541,25490
29347,영각사입구,12648.293,3721.451,182716.90327,428711.87591,224000542,25479
29350,녹원아파트,12647.27,3720.585,181202.25873,427113.26325,224000543,25373
12999,동원아파트,12647.086,3720.539,180930.4482,427027.46803,224000544,25344
13000,삼미시장,12647.027,3726.452,180869.81855,437966.94677,224000545,25337
13004,신천삼거리,12646.993,3726.507,180819.7926,438068.31446,224000546,25333
13005,시흥보건소,12647.105,3726.622,180984.3662,438279.7504,224000547,25349
13006,대야초교.ABC학습타운입구,12647.257,3726.835,181209.97361,438682.01386,224000548,25369
13010,하대야동.대야두산위브더파크,12647.362,3727.124,181365.33884,439207.44706,224000549,25387
13014,상대야동,12647.254,3727.338,181207.22214,439604.01388,224000550,25370
13017,여우고개,12647.451,3727.716,181493.94548,440302.005,224000551,25405
13018,여우고개,12647.505,3727.787,181577.94275,440430.00529,224000552,25412
11052,상대야동,12647.268,3727.336,181228.42564,439600.79433,224000553,25374
11185,하대야동.대야두산위브더파크,12647.383,3727.102,181396.91486,439167.90454,224000554,25392
11190,대야초교.ABC학습타운입구,12647.239,3726.804,181183.96731,438615.66542,224000555,25366
11204,시흥보건소,12647.112,3726.664,180994.95782,438358.81781,224000556,25353
11205,신천삼거리,12647.053,3726.511,180907.50213,438075.77309,224000557,25340
11207,경기스마트고사거리,12645.013,3720.61,177870.18021,427166.54004,224000558,25241
11210,시흥관광호텔.시화초교,12645.023,3720.31,177877.19232,426610.06011,224000559,25242
11214,유천아파트,12645.156,3720.234,178070.19309,426462.06437,224000560,25247
11215,유천아파트,12645.129,3720.216,178038.69549,426437.33045,224000561,25245
11216,시흥관광호텔.시화초교,12645.003,3720.292,177856.19307,426573.06008,224000562,25240
11217,순복음교회,12644.917,3720.46,177726.86729,426889.99545,224000563,25235
11885,경기스마트고사거리,12644.952,3720.631,177778.18377,427201.05371,224000564,25237
11887,정왕어린이도서관.정왕시장,12644.815,3720.713,177577.67926,427358.90627,224000565,25228
11890,시화정형외과.이철신경외과,12644.589,3720.662,177244.4855,427265.66764,224000566,25210
11896,이마트,12644.237,3720.763,176724.98489,427452.74512,224000567,25174
11897,중앙도서관,12644.096,3720.854,176516.58443,427621.59056,224000568,25154
11898,계룡1차아파트,12643.891,3720.981,176229.18616,427846.02394,224000569,25135
11899,시흥초교,12643.92,3721.078,176258.70077,428037.14433,224000570,25138
13263,영화아파트.삼성한신아파트,12643.995,3721.215,176369.13556,428291.26051,224000571,25144
13264,주공3단지.월드사거리.월드아파트,12643.797,3721.343,176077.85841,428528.59147,224000572,25119
13269,건영2단지.영남5단지,12643.663,3721.425,175881.04015,428679.88441,224000573,25100
13273,한일아파트,12643.484,3721.536,175616.3306,428886.76609,224000574,25091
13274,신동아1단지.한일아파트,12643.376,3721.513,175456.69204,428843.49882,224000575,25080
13275,신동아1.2단지,12643.285,3721.42,175321.99029,428671.81846,224000576,25074
13276,대림아파트,12643.201,3721.328,175205.18394,428514.00227,224000577,25069
13277,동남아파트,12643.135,3721.26,175092.18709,428373.00164,224000578,25067
13278,동원아파트,12647.088,3720.555,180920.16083,427041.10476,224000579,25347
13281,녹원아파트,12647.271,3720.595,181203.98908,427131.43501,224000580,25367
17515,영각사입구,12648.243,3721.426,182643.67186,428664.79694,224000581,25478
17517,산뒤마을,12648.382,3721.826,182850.08199,429405.66369,224000582,25489
17519,시흥시청역,12648.354,3722.933,182812.99549,431452.46454,224000586,25484
17521,시흥국민체육센터,12648.354,3723.488,182815.26022,432478.86905,224000587,25485
17522,샛말.대우.참이슬아파트,12648.289,3723.62,182719.26281,432722.82401,224000588,25480
18185,법륭사,12648.153,3723.746,182519.55529,432956.61332,224000589,25475
18186,동아아파트.성원아파트,12647.97,3723.975,182265.04959,433364.07438,224000590,25467
18193,새터말,12647.79,3724.064,181984.64281,433547.1352,224000591,25445
18194,신현역.포동입구,12647.318,3724.52,181284.04108,434402.05027,224000592,25380
18208,미산동입구.한덕판지,12647.354,3725.038,181345.56959,435349.51001,224000593,25384
18209,양우재,12647.364,3725.259,181354.01895,435758.04024,224000594,25385
18211,시민교회,12647.466,3725.613,181510.00712,436422.03725,224000595,25408
18213,신일초교.백제당약국,12647.56,3725.882,181652.1804,436909.3828,224000596,25419
18215,검바위,12647.566,3726.048,181662.84488,437217.57434,224000597,25417
18217,복음자리,12647.46,3726.202,181506.9645,437501.76922,224000598,25406
18888,대야오거리입구,12647.397,3726.986,181416.33515,438953.47978,224000599,25770
18895,도일시장,12647.034,3720.359,180852.88886,426695.06224,224000600,25336
29900,한국산업기술대,12643.856,3720.503,176136.20133,426934.02994,224000601,25681
38022,진로아파트,12643.713,3720.863,175949.19173,427638.02122,224000602,25655
38023,홈플러스,12643.529,3720.668,175679.04947,427281.38795,224000603,25657
38078,동국산업,12643.373,3720.506,175447.00723,426982.15787,224000604,25659
38080,동경5차수정아파트,12647.888,3726.083,182136.9378,437281.03787,224000605,25425
38090,중앙알칸,12643.203,3720.331,175195.60681,426659.42059,224000606,25661
38091,희망공원,12642.976,3720.098,174858.14005,426229.03787,224000607,25663
38092,은계7단지,12648.011,3726.093,182318.87232,437299.20048,224000608,25665
38379,은계한양수자인.호반써밋,12648.204,3726.094,182602.99942,437299.46534,224000609,25666
38383,갯골생태공원,12646.82,3723.374,180549.78386,432273.02145,224000610,25772
38386,배곧상업지구,12643.829,3722.153,176129.22372,430025.36792,224000611,59060
38388,배곧파출소,12643.696,3722.011,175932.13434,429763.4553,224000612,59061
38391,서울대시흥캠퍼스연구동,12643.576,3721.976,175754.88345,429699.95929,224000613,59062
38434,남왕마을서측.하늘휴게소하부,12651.334,3722.899,187211.07684,431381.37537,224000614,59063
38435,삼보아파트,12647.826,3726.933,182049.95877,438854.01077,224000615,59064
38436,우석철강,12642.987,3720.092,174874.39585,426218.20228,224000616,25664
38441,파워맥스,12643.225,3720.337,175227.6483,426670.3638,224000617,25662
38445,연꽃테마파크.농업기술센터,12648.509,3724.017,183045.90501,433457.8531,224000618,59047
38451,삼화정공,12643.394,3720.512,175478.01021,426992.27044,224000619,25716
38452,홈플러스,12643.541,3720.665,175696.60243,427274.85917,224000620,25658
11290,청솔아파트,12643.75,3720.875,176006.49781,427662.63145,224000621,25656
11293,서해중학교.한일아파트,12643.515,3721.427,175662.16284,428684.3378,224000622,25654
11435,목감리벤티움.신안인스빌,12651.25,3722.49,187086.06685,430624.98687,224000624,25982
11446,은계2단지,12647.833,3726.933,182059.73429,438854.09351,224000625,59065
8932,목감호수품애.중흥S클래스,12650.553,3722.422,186056.48202,430501.78188,224000626,25678
8933,MTV호반써밋더프라임,12641.463,3719.347,172618.6816,424846.21768,224000627,59066
8944,이마트,12644.143,3720.79,176585.56379,427504.05319,224000628,25680
8955,만수철강,12643.714,3719.782,175911.22437,425591.03738,224000629,25682
9641,여천종합철강,12643.592,3719.655,175766.35636,425406.49192,224000630,25683
8868,제이엔피,12643.485,3719.546,175602.23313,425195.03574,224000631,25684
8873,아폴로산업,12643.345,3719.399,175399.22918,424933.17501,224000632,25685
8874,대철철강,12643.096,3719.125,175037.24968,424437.03302,224000634,25696
8876,가경철강,12643.272,3719.312,175308.24191,424790.03441,224000635,25697
8878,아폴로산업,12643.35,3719.387,175417.23888,424926.03502,224000636,25698
8879,제이엔피,12643.476,3719.518,175613.23336,425175.03607,224000637,25699
8880,여천종합철강,12643.589,3719.632,175782.22853,425394.03695,224000638,25700
9018,한국산업기술대,12643.847,3720.459,176158.2015,426912.03047,224000639,25701
9019,이마트,12644.119,3720.743,176556.19025,427419.03261,224000640,25779
9020,소방파출소,12647.571,3726.382,181670.53187,437834.55268,224000641,25706
9021,검바위,12647.62,3726.059,181739.99238,437230.03426,224000642,25707
9024,검바위,12647.616,3726.074,181736.10537,437264.397,224000643,25708
9026,오이도입구,12641.629,3720.141,172869.6945,426315.17445,224000644,25709
9027,MTV금강펜테리움,12641.531,3719.281,172720.05631,424725.06642,224000645,59067
9037,호반써밋아파트,12641.212,3719.307,172248.43069,424773.75229,224000646,59068
9041,호반써밋아파트,12641.277,3719.344,172345.17441,424841.95096,224000647,59069
9722,도일시장,12647.022,3720.41,180836.32099,426789.23534,224000648,25335
9730,오이도중앙로입구,12641.441,3720.866,172596.39842,427657.31373,224000649,25013
9731,오이도중앙로입구,12641.447,3720.848,172604.62576,427622.36993,224000650,25012
9733,배곧누리초.중흥S클래스,12643.987,3722.926,176366.52268,431455.27324,224000651,25759
9737,배곧누리초.중흥S클래스,12643.962,3722.929,176329.14384,431461.18283,224000652,25009
9738,금호화성,12642.586,3720.508,174284.80143,426987.98224,224000653,25041
13332,금호화성,12642.585,3720.494,174283.75281,426963.50521,224000654,25040
13335,오영산업,12642.713,3720.429,174471.57364,426842.70896,224000655,25044
13467,오영산업,12642.721,3720.41,174483.56362,426807.65727,224000656,25045
13468,부성철강,12642.825,3720.36,174636.47832,426713.71072,224000657,25051
13469,부성철강,12642.83,3720.343,174643.70864,426681.89963,224000658,25052
13470,희망공원.GS건설,12642.953,3720.281,174824.99031,426567.33701,224000659,25059
13471,희망공원.GS건설,12642.951,3720.268,174823.25383,426542.52458,224000660,25058
13474,현대기공,12643.109,3720.171,175055.4409,426362.87358,224000661,25066
13475,은계우미린더퍼스트.제일풍경채,12648.286,3726.435,182725.45727,437931.1974,224000662,25842
13479,서울기계공업,12643.209,3720.11,175202.47633,426249.96972,224000663,25070
13483,서울기계공업,12643.235,3720.108,175231.21947,426251.02124,224000664,25071
13496,신일기계,12643.321,3720.053,175368.69172,426144.69537,224000665,25076
13497,신일기계,12643.333,3720.033,175385.54082,426106.42438,224000666,25079
13502,소망공원,12643.432,3719.985,175531.67263,426018.36132,224000667,25083
13503,소망공원,12643.42,3719.979,175514.41262,426007.16726,224000668,25082
13505,MTV웨이브파크동측,12641.019,3719.374,171963.67791,424897.94771,224000669,59070
11496,MTV웨이브파크동측,12641.025,3719.329,171971.67648,424814.98342,224000670,59071
11498,만수철강,12643.713,3719.813,175945.26013,425697.8466,224000671,25109
27518,한울공원해수체험장,12642.238,3721.162,173774.62808,428199.76594,224000672,25125
11502,배곧한울공원.두드림교,12643.41,3722.657,175513.25637,430960.06403,224000673,25127
11504,한국산업기술대정문,12644.011,3720.323,176396.20401,426631.03653,224000674,25147
11505,한국산업기술대정문,12644.031,3720.329,176409.20357,426652.03656,224000675,25149
11506,오이도박물관,12641.496,3720.163,172673.0072,426356.08567,224000676,25014
11507,소방파출소,12647.585,3726.388,181688.98304,437843.0284,224000677,25755
19562,은계단독주택.호반써밋,12648.251,3726.136,182673.60115,437377.09388,224000679,25679
19565,은계한양수자인.호반써밋,12648.152,3726.084,182527.20307,437281.09851,224000680,25712
19566,연꽃마을대우아파트,12648.824,3723.715,183510.02123,432898.29073,224000682,59045
19567,연꽃마을대우아파트,12648.833,3723.72,183523.41852,432907.01485,224000683,59046
19568,한신전선,12643.096,3720.192,175053.21877,426387.01731,224000684,25718
19569,배곧한울공원.두드림교,12643.486,3722.717,175626.21346,431071.09301,224000685,25357
20088,보원전자,12643.737,3719.428,175979.3508,424986.16347,224000686,25113
20091,보원전자,12643.724,3719.423,175959.69354,424976.38384,224000687,25112
20094,제이엔피,12643.472,3719.591,175588.53952,425289.5753,224000688,25089
20095,제이엔피,12643.46,3719.585,175570.73151,425277.73697,224000689,25088
20096,오비클,12643.334,3719.676,175385.09591,425446.3115,224000690,25078
20097,오비클,12643.326,3719.668,175372.72737,425432.33077,224000691,25077
20100,화승제지,12643.062,3719.844,174983.86349,425759.26036,224000692,25060
20232,화승제지,12643.062,3719.831,174984.14605,425734.14774,224000693,25062
20233,대한통운,12642.797,3719.913,174592.63025,425887.4652,224000694,25050
20236,MTV웨이브파크정문,12640.902,3719.47,171791.6636,425076.66731,224000695,59072
20240,목감신안인스빌.리벤티움,12651.252,3722.455,187089.85628,430560.01988,224000696,25582
20243,삼양사,12642.173,3720.063,173672.45365,426167.5242,224000697,25029
20244,삼양사,12642.162,3720.049,173655.32214,426141.54973,224000698,25705
20245,시화염색단지입구,12642.01,3720.168,173432.16561,426361.78211,224000699,25020
20246,시화염색단지입구,12641.998,3720.148,173414.24028,426325.28964,224000700,25021
20247,태산아파트,12647.144,3724.395,181038.04695,434159.04836,224000701,25356
20249,MTV웨이브파크정문,12640.897,3719.458,171783.73405,425054.46346,224000702,59073
20263,목감호반더레이크,12650.895,3722.685,186562.55984,430986.11294,224000703,25739
20251,목감호반더레이크,12650.879,3722.7,186538.64703,431015.45585,224000704,25753
20907,MTV웨이브파크서측,12640.653,3719.519,171423.71473,425168.64836,224000705,59074
20252,MTV웨이브파크서측,12640.656,3719.504,171428.4731,425141.68677,224000706,59075
20918,대용산업,12641.722,3719.828,173005.31534,425735.46303,224000707,59076
20254,대용산업,12641.704,3719.789,172977.47408,425662.24736,224000708,59077
20925,계수리교회,12648.92,3727.369,183664.90065,439655.96993,224000709,25733
20927,HKC.승진기업,12641.571,3719.671,172780.51822,425444.66097,224000710,59078
21067,HKC.승진기업,12641.548,3719.626,172745.97431,425361.64879,224000711,59079
21068,거북섬로,12641.396,3719.49,172520.66097,425110.54794,224000712,59080
21069,거북섬로,12641.37,3719.445,172482.50784,425028.5669,224000713,59081
21070,시흥시북부노인복지관,12648.058,3725.975,182387.79171,437080.54657,224000714,59082
25701,시흥시북부노인복지관,12648.075,3726.003,182413.00832,437133.08671,224000715,59083
38453,은계아란트리정문,12648.054,3725.858,182381.29338,436863.97316,224000716,59084
38456,은계아란트리정문,12648.065,3725.911,182397.37943,436961.64158,224000717,59085
38461,이마트물류센터,12642.983,3721.107,174872.1933,428093.00046,224000718,25734
34517,메가폴리스,12642.946,3721.098,174818.19401,428075.99975,224000719,25732
34521,오이도종합어시장,12641.394,3720.705,172525.64425,427358.80071,224000720,25010
34538,오이도종합어시장,12641.38,3720.7,172505.11413,427348.89253,224000721,25011
2386,장현루벤시아2차,12647.767,3722.94,181945.84587,431466.44141,224000722,59086
468,장현LH6단지,12647.602,3722.854,181702.88018,431308.09934,224000723,59087
471,장현LH6단지,12647.64,3722.873,181759.40705,431343.60166,224000726,59090
487,장현루벤시아2차,12647.818,3722.927,182022.13984,431443.95007,224000727,59091
34541,물왕삼거리,12650.331,3722.999,185731.22983,431569.0472,224000728,25726
32520,네이쳐뷰.루벤시아2차,12647.867,3722.972,182093.83079,431527.02934,224000729,59092
32521,나분들,12649.337,3723.061,184264.04485,431686.3828,224000730,25728
28291,네이쳐뷰.루벤시아2차,12647.856,3722.979,182077.59692,431539.00594,224000731,59093
28292,GS주유소앞,12644.861,3723.336,177657.10547,432209.01073,224000732,25742
28294,대부도입구,12641.638,3720.12,172882.5145,426274.99831,224000733,25741
28296,물왕삼거리,12650.272,3723.039,185643.78936,431644.13463,224000734,25731
28299,대야오거리입구,12647.355,3726.949,181354.66888,438884.563,224000735,25738
28309,이지더원1차,12643.812,3722.9,176108.2959,431408.95894,224000736,25752
29062,오이도차고지,12641.775,3720.496,173086.77627,426969.63331,224000738,25748
29063,오이도박물관,12641.509,3720.161,172691.51465,426351.70258,224000740,25015
29065,만수철강,12643.829,3719.882,176117.09447,425824.68777,224000741,25747
29067,열병합발전소,12642.421,3719.914,174037.70339,425890.38232,224000742,25037
29072,오이도차고지,12641.777,3720.488,173089.31496,426955.99427,224000743,25740
488,모아미래도.호반써밋,12647.797,3722.528,181988.62228,430704.61389,224000744,59094
1506,모아미래도.호반써밋,12647.785,3722.498,181970.50374,430649.35339,224000745,59095
29077,시흥경찰서정문,12647.344,3722.563,181320.96436,430771.35438,224000746,59096
29078,목감고등학교,12651.336,3722.365,187212.3043,430393.73659,224000747,25736
29079,풍림아파트,12644.36,3723.418,176919.88757,432364.21397,224000749,25837
29080,한국지도자아카데미,12652.053,3723.86,188275.7472,433156.86019,224000750,25630
29199,시흥경찰서정문,12647.329,3722.567,181297.82294,430778.52777,224000751,59097
29204,산현초,12650.82,3722.554,186451.12635,430743.83213,224000752,25751
29206,목감고등학교,12651.352,3722.356,187236.21133,430377.76331,224000753,25750
29209,목감호반5차더숲,12650.919,3722.313,186596.43745,430298.96511,224000754,25439
29215,목감네이처하임,12651.916,3722.74,188070.24916,431086.11728,224000755,59098
29218,뿌리기술센터.금형기술교육원,12641.96,3720.878,173361.93173,427675.25268,224000756,25987
29226,시흥화훼도매단지,12646.43,3726.002,179985.9713,437135.24131,224000757,25988
27291,새미마을입구,12651.552,3722.524,187531.65245,430688.14189,224000758,25735
27294,한맥중공업,12642.661,3720.776,174395.20684,427481.99794,224000759,25761
27306,시흥시공공직장어린이집,12651.753,3722.861,187830.27099,431309.56137,224000760,59099
210,세종3차아파트,12643.824,3720.977,176116.44032,427850.79653,224000762,25764
704,열병합발전소,12642.409,3719.893,174019.67272,425852.65874,224000763,25763
705,아폴로산업건너편,12643.35,3719.311,175407.29882,424772.14803,224000764,25765
708,목감가온수플,12651.232,3722.548,187059.99144,430732.815,224000765,25590
711,한신.호반3차아파트,12643.931,3722.265,176280.79457,430233.444,224000766,25820
712,능곡초교,12648.724,3721.983,183356.17622,429693.24302,224000767,25780
1400,능곡초교,12648.709,3721.986,183333.84264,429699.98014,224000768,25781
1401,승지초교.능곡고교,12648.738,3722.396,183377.93088,430458.96366,224000769,25782
1405,승지초교.능곡고교,12648.737,3722.384,183376.61294,430436.36427,224000770,25783
1409,우남퍼스트빌,12648.861,3721.787,183557.49715,429330.51345,224000771,25826
1410,우남퍼스트빌,12648.835,3721.802,183518.13274,429358.21412,224000772,25829
1411,능곡어울림센터.능곡중,12648.927,3721.949,183654.85352,429630.52661,224000773,25828
1412,능곡어울림센터.능곡중,12648.93,3721.974,183660.07642,429677.60944,224000774,25827
833,시흥능곡역.로데오광장,12648.684,3722.175,183297.53797,430050.0478,224000775,25812
835,시흥능곡역.로데오광장,12648.683,3722.164,183296.2926,430028.44055,224000776,25810
1375,시흥시청후문.종합일자리센터,12648.147,3722.87,182506.43271,431336.3355,224000777,25773
1377,시흥시청후문.종합일자리센터,12648.119,3722.827,182465.42927,431257.29863,224000778,25774
1378,뿌리기술센터.금형기술교육원,12641.964,3720.895,173369.2768,427708.30798,224000779,25986
1508,배곧라온초,12644.123,3722.375,176564.20847,430435.92591,224000780,25984
1521,배곧라온초,12644.133,3722.385,176579.51242,430453.89809,224000781,25985
1530,배곧대방노블랜드,12644.269,3722.458,176780.65215,430588.68182,224000782,25714
1532,목감호반1차입구,12651.787,3723.224,187880.72298,431982.48233,224000783,25983
1537,상대야삼거리,12647.229,3727.418,181170.74699,439752.16466,224000784,25005
2236,배곧호반1차,12643.703,3722.424,175945.02702,430527.21192,224000785,25719
2237,금이사거리,12650.108,3724.36,185405.89853,434087.1377,224000786,25784
2245,금이동,12650.169,3723.848,185495.18351,433140.22062,224000787,25785
2247,대덕전자,12644.111,3719.625,176532.93661,425348.53669,224000788,25786
2249,을지특수정밀,12643.877,3719.386,176185.53266,424906.9622,224000789,25787
2252,대철철강,12643.091,3719.137,175023.4642,424451.39951,224000790,25788
2253,일원기계,12643.224,3719.015,175219.21758,424223.55403,224000791,25789
2257,을지특수정밀,12643.878,3719.362,176187.16876,424863.1862,224000792,25790
2259,대덕전자,12644.096,3719.587,176510.09084,425278.56296,224000793,25791
2264,시흥고등학교,12648.929,3723.475,183663.74028,432453.12622,224000794,25792
2400,한울공원해수체험장,12642.217,3721.068,173742.7741,428026.37157,224000795,25793
27764,한울공원해수체험장,12642.226,3721.089,173756.11797,428064.38051,224000796,25794
2406,시흥고등학교,12648.918,3723.476,183647.14868,432455.71539,224000797,25795
2410,홈플러스,12643.534,3720.62,175685.08381,427192.52656,224000798,25796
2414,홈플러스,12643.535,3720.633,175687.62173,427214.95751,224000799,25797
205,창하철강,12643.715,3720.521,175953.017,427007.49612,224000800,25798
206,창하철강,12643.747,3720.487,175998.80677,426944.14526,224000801,25799
1415,거멀,12650.133,3723.933,185442.7264,433298.18913,224000802,25800
1417,거멀,12650.13,3723.929,185436.8681,433290.70721,224000803,25801
1423,방화고개.종점,12651.891,3721.959,188030.45551,429640.86102,224000806,25808
1552,방화고개.종점,12651.885,3721.968,188022.29044,429657.94999,224000807,25807
1553,봉우제,12645.311,3721.491,178313.93299,428795.17713,224000808,25802
1554,봉우제,12645.303,3721.48,178302.3293,428775.41877,224000809,25803
1420,두성특장차,12643.68,3719.153,175893.96665,424476.96463,224000810,25804
2126,원우정공,12643.421,3718.923,175509.81385,424052.41721,224000811,25694
2270,일원기계,12643.257,3719.005,175226.25122,424242.03759,224000812,25695
2273,두성특장차,12643.66,3719.173,175863.33354,424515.27164,224000813,25805
2277,중소기업지원센타,12644.749,3719.739,177472.21226,425556.06232,224000814,25222
2281,중소기업지원센타,12644.721,3719.736,177424.21275,425550.06161,224000815,25223
2284,신안인스빌,12648.68,3721.868,183289.49109,429481.31662,224000816,25822
2286,신안인스빌,12648.628,3721.844,183212.65418,429437.67558,224000817,25825
2291,시흥시노인종합복지관,12648.772,3722.102,183426.44591,429914.20649,224000818,25813
2292,시흥시노인종합복지관,12648.757,3722.107,183404.86153,429922.60002,224000819,25811
2293,정왕본동주민센터,12644.781,3720.939,177528.3105,427776.36674,224000820,25821
25702,정왕본동주민센터,12644.769,3720.932,177510.55128,427763.93487,224000821,25819
25706,죽율동,12645.803,3721.346,179040.10779,428525.6254,224000822,25824
25718,죽율동,12645.797,3721.339,179030.67076,428511.94124,224000823,25823
25721,능곡도서관,12648.821,3722.26,183500.38989,430206.59004,224000824,25815
25723,능곡도서관,12648.807,3722.257,183479.46929,430201.40277,224000825,25814
25724,능곡고등학교,12648.764,3722.439,183416.08392,430536.85689,224000826,25817
25867,능곡고등학교,12648.759,3722.424,183408.62299,430509.76629,224000827,25816
25871,금강아파트,12644.465,3720.626,177060.97285,427199.61438,224000828,25818
25872,월미동,12649.542,3723.09,184567.2226,431739.42572,224000829,25861
25873,가래울,12648.945,3721.692,183680.66744,429155.27803,224000830,25830
25876,가래울,12648.95,3721.689,183688.10983,429149.9513,224000831,25832
25877,시흥우체국.센트럴병원,12643.706,3720.166,175936.54335,426350.84686,224000832,25831
25878,정왕공설묘지,12645.747,3722.248,178960.79174,430195.18202,224000833,25993
26522,목감7단지,12651.228,3722.525,187053.21888,430689.25211,224000834,25994
26524,오이도스틸랜드,12641.919,3720.687,173300.78237,427323.10789,224000835,25833
26525,오이도스틸랜드,12641.937,3720.687,173327.55003,427322.35923,224000836,25834
26526,정왕역환승센터,12644.587,3721.087,177242.94422,428050.64456,224000837,25835
26527,소능뫼,12651.682,3722.094,187722.65772,429891.11658,224000838,25849
26529,소능뫼,12651.686,3722.099,187729.11344,429901.37015,224000839,25851
26552,호반3차.한신아파트,12643.954,3722.256,176313.94275,430216.87233,224000840,25966
24500,길마재입구,12648.704,3725.87,183341.0503,436884.09151,224000841,59024
24511,높은우물,12645.044,3721.472,177919.79792,428761.12167,224000842,25920
24517,높은우물,12645.044,3721.46,177919.41769,428740.05256,224000843,25921
25163,신천고등학교,12646.798,3726.149,180529.32282,437405.5998,224000844,25836
25164,방산교,12645.733,3724.919,178953.88283,435134.52444,224000845,59100
25737,경기도노인전문시흥병원,12648.366,3723.202,182831.32581,431949.47486,224000846,25844
25770,경기도노인전문시흥병원,12648.286,3723.201,182713.64253,431948.97434,224000847,25845
25774,시흥영업소,12648.159,3727.154,182541.7003,439260.39791,224000848,25847
25791,시흥영업소,12648.189,3727.042,182585.09236,439053.97328,224000849,25846
25803,월곶에코피아,12644.965,3723.798,177814.78965,433065.19608,224000850,25990
25806,금강아파트,12644.463,3720.559,177057.14744,427074.29385,224000851,25848
25808,건영5차아파트,12644.48,3720.55,177082.88539,427059.22828,224000852,25850
25809,현진에버빌.휴먼시아2단지.자연앤,12648.637,3722.288,183228.67622,430259.41204,224000853,25860
25939,현진에버빌.휴먼시아2단지.자연앤,12648.65,3722.271,183247.60372,430226.50202,224000854,25858
25942,능곡공영차고지,12648.441,3721.814,182936.42526,429382.98016,224000855,25898
26462,능곡공영차고지,12648.446,3721.823,182943.90397,429399.60022,224000856,25899
26466,삼화빌딩.이마트앞,12644.124,3720.699,176558.05905,427336.36923,224000857,25852
26470,모아프라자.이마트앞,12644.116,3720.694,176545.92494,427325.84441,224000858,25853
26472,은계중,12647.915,3726.832,182179.84768,438667.03177,224000859,25856
26478,은계중,12647.94,3726.822,182217.17014,438647.55562,224000860,25855
26479,한국산업기술대.시흥터미널,12644.107,3720.548,176531.32439,427056.2414,224000861,25854
26483,이마트,12644.243,3720.79,176733.30776,427504.11486,224000862,25857
26613,이마트,12644.285,3720.733,176795.79136,427397.10246,224000863,25859
26616,영남6차아파트,12644.22,3720.563,176699.09036,427083.23632,224000864,25674
26623,영남6차아파트,12644.221,3720.581,176700.44155,427117.48436,224000865,25673
26626,월곶동풍림아파트,12644.644,3723.411,177338.92751,432349.99739,224000866,25863
26627,월곶동풍림아파트,12644.643,3723.397,177337.65664,432324.40097,224000867,25862
26629,은계우미린레이크,12648.172,3726.833,182558.75592,438666.5102,224000870,25866
24473,은계우미린레이크,12648.168,3726.819,182552.96052,438641.08352,224000871,25865
24474,현대아파트,12647.483,3726.909,181543.35984,438810.79384,224000872,25900
24478,베다니마을,12646.475,3726.415,180055.21946,437899.79518,224000874,25864
15056,서경브레이징,12646.49,3726.406,180077.45705,437882.30893,224000875,25893
25738,목감호수품애.중흥S클래스,12650.549,3722.444,186050.7846,430541.69221,224000876,25894
18450,은계네이처포레,12648.342,3726.214,182808.02718,437521.57311,224000877,25870
18454,은계네이처포레,12648.343,3726.228,182809.08724,437548.33405,224000878,25895
18456,은계센트럴타운,12647.97,3726.295,182259.34037,437671.76681,224000879,25869
18457,은계7단지,12647.972,3726.083,182260.95117,437279.83703,224000880,25896
18460,은계센트럴타운,12647.972,3726.311,182263.02838,437702.50432,224000881,25868
18462,배곧해솔중,12642.902,3721.661,174757.83285,429120.94761,224000884,25878
18465,배곧해솔중,12642.945,3721.667,174822.29934,429130.20095,224000885,25879
18466,유한,12642.784,3719.369,174571.10923,424881.80332,224000894,25884
18469,유한,12642.772,3719.38,174553.92167,424901.40764,224000895,25885
18471,세아,12642.618,3719.214,174325.23508,424594.64319,224000896,25886
18473,동양스텐레스,12642.925,3719.538,174780.51012,425193.1063,224000897,25887
18475,태양에스티,12643.025,3719.612,174928.31369,425329.77481,224000898,25877
18477,도아테크,12642.382,3719.285,173977.04308,424727.07632,224000899,25888
18481,덕산파이프,12643.21,3719.804,175202.49515,425683.36421,224000900,25889
18485,군자6교,12643.129,3719.746,175082.94357,425577.29732,224000901,25890
16458,IN스틸,12642.105,3719.466,173568.73432,425064.33312,224000902,25883
16462,명칭예정지,12641.815,3719.647,173141.80225,425400.26875,224000903,25891
16466,유통상가,12643.527,3720.131,175672.90516,426288.08319,224000904,25892
16468,유통상가,12643.473,3720.102,175592.76561,426234.19818,224000905,25874
16469,봉우재입구,12644.498,3721.174,177111.56412,428212.64053,224000906,25913
16474,봉우재입구,12644.509,3721.234,177129.35969,428323.84284,224000907,25904
16475,마전,12645.921,3722.503,179218.96439,430665.97827,224000908,25910
16477,마전,12645.924,3722.513,179223.65833,430684.3401,224000909,25911
16616,경남아너스빌,12647.509,3726.11,181578.40044,437332.27421,224000910,25903
12250,경남아너스빌,12647.499,3726.11,181563.27113,437332.88969,224000911,25902
12254,새우개입구,12646.63,3724.223,180273.0552,433844.95431,224000912,25912
15952,새우개입구,12646.625,3724.21,180265.70983,433820.41239,224000913,25907
15956,포동차고지,12646.267,3724.153,179737.83962,433716.00488,224000914,25906
15962,포동차고지,12646.246,3724.146,179707.0378,433703.68359,224000915,25905
15968,연성정수장,12649.135,3722.923,183965.39136,431432.53194,224000916,25922
15969,연성정수장,12649.146,3722.916,183981.8247,431418.72838,224000917,25923
15973,검바위초등학교,12647.899,3726,182152.8706,437126.88286,224000918,25924
15974,검바위초등학교,12647.891,3726.002,182142.36265,437131.0388,224000919,25925
16099,목감중심상업지구남측,12651.136,3722.645,186918.04816,430912.70695,224000921,25591
16100,이지더원1차,12643.817,3722.894,176115.18629,431396.62923,224000922,25991
16101,정왕공설묘지,12645.674,3722.199,178853.22686,430103.7513,224000923,25992
13911,동보아파트후문.군자교회,12646.323,3721.535,179808.37017,428872.45753,224000924,25941
13912,동보아파트후문,12646.345,3721.483,179841.21099,428777.38907,224000925,25942
13913,서능홍익아파트,12648.708,3725.103,183343.18067,435464.90109,224000926,25927
13914,금강아파트,12648.534,3725.1,183086.26101,435461.33504,224000927,25928
13919,매화초등학교,12648.374,3724.879,182849.31768,435051.45024,224000928,25929
13920,매화초등학교,12648.382,3724.906,182861.24965,435102.79121,224000929,25930
14069,금강아파트,12648.537,3725.092,183090.99154,435444.97168,224000930,25931
14070,서능홍익아파트,12648.735,3725.084,183382.52647,435430.25261,224000931,25932
14071,옥길동입구,12648.805,3727.579,183496.08621,440044.67149,224000932,25509
14076,찬우물마을,12647.692,3725.566,181846.98906,436325.38631,224000933,25933
14078,찬우물마을,12647.682,3725.561,181832.07306,436315.26439,224000934,25934
14079,삼미시장,12647.02,3726.341,180857.61296,437760.55396,224000935,25935
14622,삼미시장,12647.027,3726.337,180868.06983,437753.92722,224000936,25936
15059,소래산.내원사,12646.867,3726.685,180633.96492,438398.13702,224000937,25937
16617,소래산.내원사,12646.847,3726.691,180604.13452,438408.92366,224000938,25938
16618,대흥중학교,12647.093,3726.804,180967.48379,438616.68509,224000939,25939
16623,대흥중학교,12647.107,3726.827,180989.32358,438659.76538,224000940,25940
16626,시흥ABC행복학습타운,12647.213,3726.874,181144.47771,438745.32005,224000941,25916
16627,시흥ABC행복학습타운,12647.204,3726.885,181131.71818,438767.3124,224000942,25917
16628,스틸랜드,12642.112,3720.695,173585.46142,427336.56457,224000943,25003
16629,스틸랜드,12642.165,3720.727,173664.32116,427395.14801,224000944,25004
15062,새미마을.목감리벤티움,12651.461,3722.409,187397.08978,430475.83635,224000945,25730
15068,새미마을.목감리벤티움,12651.455,3722.406,187388.00762,430470.17194,224000946,25729
15071,배곧한신더휴.호반더프라임,12643.768,3722.259,176039.76833,430223.44123,224000947,25944
15074,배곧중심상가,12643.792,3722.226,176075.11079,430160.7607,224000948,25943
15075,배곧sk뷰.호반베르디움1차,12643.427,3722.462,175538.15571,430598.89339,224000949,25946
15759,생명공원,12643.42,3722.447,175527.55409,430571.83426,224000950,25945
15763,대흥중입구.ABC행복학습타운,12647.144,3726.899,181043.26353,438792.84682,224000951,25957
15764,목감13단지.퍼스트리움,12651.529,3722.867,187499.01217,431321.98826,224000952,25668
15769,목감13단지.퍼스트리움,12651.524,3722.883,187491.70853,431352.16151,224000953,25743
15773,산현초,12650.821,3722.531,186452.58583,430702.87624,224000956,25002
15781,상대야삼거리,12647.241,3727.373,181189.22655,439669.65743,224000957,25007
15783,기업은행앞,12642.527,3721.043,174201.37587,427979.60566,224000958,25023
15786,네이쳐하임.퍼스트리움,12651.684,3722.807,187727.97666,431210.72742,224000959,25212
15789,장곡교차로,12646.444,3722.944,179993.11056,431479.87183,224000960,25260
15790,범말,12646.24,3722.956,179692.41113,431502.94344,224000961,25276
15791,사랑마을입구,12645.17,3721.936,178108.13949,429619.00178,224000962,25284
13733,국궁장앞,12642.554,3721.086,174240.6707,428058.82218,224000963,25303
12388,퍼스트리움.네이쳐하임,12651.677,3722.819,187718.13741,431233.08839,224000964,25386
12404,사랑마을입구,12645.17,3721.944,178108.65054,429634.34041,224000965,25470
13048,은계브리즈힐.네이처포레,12648.263,3726.33,182691.79679,437736.21674,224000966,25914
13053,배곧대방노블랜드,12644.284,3722.456,176802.03357,430585.52753,224000967,25962
13054,은계센트럴타운.브리즈힐,12648.127,3726.385,182490.92352,437838.71567,224000968,25947
13055,은계센트럴타운.브리즈힐,12648.166,3726.383,182548.71947,437834.82199,224000969,25948
13056,은계브리즈힐.네이처포레,12648.284,3726.333,182723.10935,437742.75767,224000970,25949
13063,연희아파트,12647.084,3726.273,180952.54685,437634.77928,224000971,25950
13064,연희아파트,12647.08,3726.269,180947.02874,437626.86538,224000972,25951
24199,신천동,12646.772,3726.534,180493.40654,438119.49185,224000973,25952
37595,영남아파트,12647.468,3727.011,181521.8954,438998.25554,224000974,25953
37604,영남아파트,12647.467,3727.025,181520.61998,439024.56544,224000975,25954
37605,신천역.시흥전화국,12647.163,3726.264,181068.96267,437618.3786,224000976,25955
37750,신천역.시흥전화국,12647.155,3726.254,181056.66921,437600.04193,224000977,25956
38851,시화터미널,12644.167,3720.561,176620.16893,427079.29773,224000978,25918
38855,시화터미널,12644.164,3720.563,176615.60692,427083.2079,224000979,25919
38862,부흥운수종점,12647.509,3726.383,181579.75411,437836.05802,224000980,25024
39009,청구2차아파트,12647.517,3726.519,181591.69298,438087.97394,224000981,25193
39010,중앙산부인과.신천연합병원,12647.465,3726.851,181516.18211,438702.26328,224000982,25096
39012,중앙산부인과.신천연합병원,12647.455,3726.849,181501.88884,438699.33745,224000983,25097
39539,대야오거리,12647.345,3726.898,181339.24899,438789.35121,224000984,25172
39549,대야오거리,12647.326,3726.903,181312.51253,438799.30732,224000985,25175
39554,오빌식품,12647.126,3727.529,181019.0531,439958.68912,224000986,25203
39556,오빌식품,12647.104,3727.536,180987.65021,439971.55857,224000987,25205
39686,예비군훈련장,12647.05,3727.806,180909.39294,440470.91146,224000988,25290
39687,예비군훈련장,12647.045,3727.821,180901.15574,440498.19562,224000989,25291
39709,세븐힐빌리지,12647.068,3727.965,180936.15776,440764.86158,224000990,25310
40357,세븐힐빌리지,12647.057,3727.972,180919.68402,440777.73127,224000991,25311
40360,버들캠프장,12646.936,3728.187,180742.07232,441176.18214,224000992,25354
40361,버들캠프장,12646.937,3728.205,180744.131,441208.61445,224000993,25355
40363,약수터고개,12646.973,3728.277,180797.15306,441342.97759,224000994,25555
40364,약수터고개,12646.973,3728.289,180797.15273,441363.56951,224000995,25556
40365,신세계프리미엄아울렛,12644.346,3722.798,176895.43724,431217.91498,224000996,25967
40366,이지더원,12642.902,3721.585,174758.32979,428979.94524,224000997,25968
27525,한라비발디1차,12642.667,3721.729,174412.11256,429247.25739,224000998,25969
24202,한울공원,12642.772,3721.993,174568.63633,429734.24174,224000999,25970
24205,서울대시흥캠퍼스.한라1차,12642.799,3721.989,174607.46437,429727.1239,224001000,25971
24206,한라비발디1차,12642.665,3721.749,174408.9187,429284.90706,224001001,25972
24208,한라비발디2차,12643.039,3721.742,174960.80082,429269.17842,224001002,25973
24128,호반써밋플레이스,12643.508,3722.188,175655.61139,430092.33205,224001003,25974
24129,신세계프리미엄아울렛,12644.368,3722.812,176928.04118,431242.28542,224001004,25975
24130,한라비발디3차,12643.018,3721.711,174929.83483,429211.83796,224001005,25976
24131,한라3차.이지더원,12642.996,3721.552,174895.65965,428918.50687,224001006,25977
24132,생명공원,12643.517,3722.226,175668.90059,430162.32274,224001007,25978
24133,서울대시흥캠퍼스,12643.249,3721.938,175271.24435,429631.62838,224001008,25979
24134,서울대시흥캠퍼스,12643.24,3721.902,175258.32045,429564.93309,224001009,25980
24138,도리재,12650.305,3723.584,185694.51188,432650.54733,224001010,25981
24139,두성특장차,12643.603,3719.156,175779.11753,424483.67408,224001011,25687
21744,원우정공,12643.45,3718.917,175553.03333,424041.48687,224001012,25022
21746,두성특장차,12643.617,3719.174,175801.14142,424516.48319,224001013,25688
21749,명칭예정지,12641.526,3719.826,172714.87025,425731.53851,224001016,25713
21756,기계유통단지,12641.246,3719.796,172301.94193,425677.87454,224001017,25036
21758,기계유통단지건너편,12641.321,3719.835,172412.06393,425750.8419,224001018,25958
21762,명칭예정지,12641.572,3719.764,172782.91729,425617.41062,224001019,25959
22288,명칭예정지,12641.855,3719.589,173199.69684,425292.48912,224001020,25960
22291,굿스틸,12642.174,3719.391,173670.1985,424925.11121,224001021,25961
22294,3Z,12642.434,3719.241,174052.47705,424645.85715,224001022,25964
22295,아남중전기,12642.629,3719.198,174340.85574,424566.40119,224001023,25963
22446,하늘휴게소,12651.304,3722.983,187167.14179,431536.69638,224001024,25997
22448,하늘휴게소,12651.34,3723.074,187220.50507,431704.74258,224001025,25998
22449,목감시티프라자.한울플러스,12651.641,3722.907,187664.17095,431396.03982,224001026,25746
22454,목감중심상업지구남측,12651.106,3722.65,186873.80534,430921.43015,224001027,25501
22455,롯데마트.대야어린이도서관,12647.486,3726.629,181546.52827,438291.72374,224001028,25507
22456,롯데마트.천향교회,12647.488,3726.642,181549.58268,438316.86778,224001029,25600
20174,영남3단지,12644.164,3721.36,176620.42586,428558.22488,224001030,25639
20178,영남3단지,12644.182,3721.373,176645.87815,428582.18073,224001031,25606
27524,충현교회,12644.162,3721.113,176615.40492,428101.14301,224001032,25638
20179,배곧연구시설,12642.391,3721.219,174001.47426,428304.02356,224001033,25669
20319,배곧도시지원시설,12642.555,3721.443,174244.41991,428718.74615,224001034,25670
20320,배곧도시지원시설,12642.575,3721.44,174274.13991,428713.6566,224001035,25671
20321,배곧연구시설,12642.425,3721.234,174051.08159,428331.68996,224001036,25672
20322,시흥대야역,12647.629,3727.036,181759.92635,439044.58093,224001037,25676
20323,시흥대야역,12647.658,3727.034,181801.70329,439041.52646,224001038,25677
20325,은계어반리더스,12647.935,3727.12,182211.23876,439199.69451,224001040,25690
20326,은계어반리더스,12647.89,3727.147,182144.5651,439248.11902,224001041,25691
20327,은행고,12648.228,3726.607,182640.91187,438249.72245,224001042,25692
20329,은행고,12648.24,3726.611,182658.22171,438256.34618,224001043,25693
20331,한울초교.이지더원2차,12642.78,3721.582,174576.94437,428975.46386,224001046,25710
20332,한울초교.이지더원2차,12642.789,3721.569,174591.11868,428950.92635,224001047,25711
20335,금형기술교육원,12641.904,3720.962,173281.07436,427831.37702,224001048,25771
20343,금형기술교육원,12641.91,3720.951,173289.15538,427812.10868,224001049,25745
20345,목감푸르지오후문,12650.632,3722.6,186174.72993,430829.96688,224001050,25778
17632,목감푸르지오후문,12650.632,3722.591,186174.5764,430814.23849,224001051,25767
17633,운흥초,12651.158,3722.328,186949.51066,430326.57015,224001052,25768
17635,운흥초,12651.103,3722.301,186869.05285,430276.96868,224001053,25769
17661,신천역,12647.286,3726.346,181250.79043,437769.92619,224001054,25390
17665,오토스프라이스.신영공업,12642.964,3719.003,174834.60721,424203.7487,224001055,59002
17667,희람테크,12643.028,3719.05,174928.99637,424290.82425,224001056,59003
18342,백상종합철강.SMG,12642.71,3719.08,174460.21688,424346.62274,224001057,59004
18348,아테코,12642.8,3719.012,174592.77798,424219.94773,224001058,59005
18349,MTV어린이공원입구,12641.791,3719.134,173102.25926,424451.70654,224001059,59006
18350,MTV어린이공원입구,12641.83,3719.098,173160.7476,424384.559,224001060,59007
18351,MTV단독주택입구,12641.987,3719.073,173391.69159,424336.89337,224001061,59008
29901,MTV단독주택입구,12642.037,3719.109,173465.31569,424403.9559,224001062,59009
29902,MTV단독주택(군자천),12642.224,3719.035,173741.00715,424265.918,224001063,59010
30526,MTV단독주택(군자천),12642.261,3719.027,173797.06532,424249.98364,224001064,59011
30527,다인정공,12642.221,3719.301,173738.31383,424757.39152,224001065,59012
30528,다인정공,12642.215,3719.306,173730.33729,424767.83468,224001066,59013
30529,혜성엔지니어링,12642.486,3718.888,174128.06693,423992.70755,224001067,59014
27315,혜성엔지니어링,12642.531,3718.849,174193.53821,423920.73889,224001068,59015
32524,경기산업,12642.802,3718.837,174594.14449,423897.31794,224001069,59016
32526,미주,12642.859,3718.878,174678.36446,423971.78868,224001070,59017
32530,도창동,12649.497,3724.451,184505.0311,434256.39751,224001071,59018
32534,매화1통경로당,12648.426,3725.009,182926.6478,435292.75409,224001072,59019
32540,매화1통경로당,12648.438,3725.008,182944.28612,435291.22404,224001073,59020
32673,배곧센텀베이,12644.125,3722.96,176571.00151,431518.13596,224001074,59021
32685,배곧센텀베이,12644.139,3722.952,176590.62391,431501.99147,224001075,59022
32687,시화가구공단,12643.296,3720.767,175335.12944,427464.02571,224001076,59023
32690,월곶,12644.575,3723.137,177235.49161,431843.05562,224001077,25838
32691,소산서원,12646.466,3726.6,180042.16403,438242.34565,224001078,25839
32692,소산서원,12646.467,3726.615,180043.52971,438269.12141,224001079,25840
32693,월곶풍림아파트3차,12644.56,3723.142,177214.22498,431852.73758,224001080,25843
33236,시흥능곡역4번출구,12648.441,3722.218,182938.14959,430128.80344,224001083,59027
33237,시흥능곡역4번출구,12648.43,3722.233,182922.78391,430156.91874,224001084,59028
33365,장곡어울림센터,12647.328,3722.704,181296.98026,431031.91989,224001085,59029
33367,장곡어울림센터,12647.34,3722.673,181314.65078,430974.10566,224001086,59030
33369,장현4단지,12648.145,3722.265,182502.32544,430217.22048,224001087,59031
33372,장현4단지,12648.182,3722.272,182555.73455,430230.67439,224001088,59032
33379,장현2중사거리,12647.785,3722.328,181970.14291,430335.93649,224001089,59033
33382,장현2중사거리,12647.831,3722.332,182037.7101,430341.88357,224001090,59034
33383,정왕제2공영주차장,12644.953,3720.469,177780.66733,426907.30319,224001091,59035
33385,장곡교차로,12646.474,3722.959,180038.31746,431506.31889,224001092,59036
33386,은계아란트리,12648.237,3725.926,182651.30328,436988.47723,224001093,59037
33389,은계아란트리,12648.222,3725.931,182630.29172,436998.15065,224001094,59038
33390,은계일반상업지구,12648.064,3726.224,182397.08187,437540.81986,224001095,59039
33392,은계일반상업지구,12648.081,3726.244,182422.14305,437577.27373,224001096,59040
33394,은계자이.호반써밋,12648.065,3726.157,182398.28723,437417.72394,224001097,59041
36920,은계자이.호반써밋,12648.079,3726.157,182418.8787,437417.95344,224001098,59042
36923,시흥센트럴돔그랑트리캐슬,12648.118,3726.702,182479.87837,438424.25957,224001099,59043
36924,시흥센트럴돔그랑트리캐슬,12648.085,3726.738,182431.38212,438491.86672,224001100,59044
36925,방산교,12645.755,3724.957,178985.9978,435205.89406,224001101,59101
497,장현12단지,12647.652,3722.807,181776.28673,431222.27633,224001102,59102
7954,장현12단지,12647.645,3722.805,181766.04129,431218.75038,224001103,59103
29671,한여울초등학교,12648.21,3721.927,182595.89385,429592.21404,224001104,59104
29683,시흥장현금강펜테리움,12648.202,3722.079,182584.95795,429872.87338,224001105,59105
29685,LH4단지.제일풍경채센텀,12648.236,3722.222,182635.9057,430137.46775,224001106,59106
29686,시흥시청역트리플포레,12648.324,3722.413,182766.81838,430490.9682,224001107,59107
30324,시흥시청역트리플포레,12648.322,3722.427,182763.6486,430516.60293,224001108,59108
30325,LH4단지.제일풍경채센텀,12648.217,3722.195,182607.13948,430088.00848,224001109,59109
30329,시흥장현금강펜테리움,12648.184,3722.075,182558.27837,429866.63083,224001110,59110
30330,한여울초등학교,12648.169,3721.922,182535.77412,429583.83625,224001111,59111
27760,장현리슈빌.제일풍경채에듀,12647.753,3722.211,181922.54826,430118.64123,224001112,59112
32918,매화지하차도,12649.211,3724.728,184084.26129,434770.8186,224001115,59115
32914,매화지하차도,12649.237,3724.727,184122.48308,434767.79347,224001116,59116
